This is XeTeX, Version 3.141592653-2.6-0.999997 (TeX Live 2025) (preloaded format=xelatex 2026.2.23)  21 MAR 2026 15:11
entering extended mode
 restricted \write18 enabled.
 %&-line parsing enabled.
**tutorial.tex
(./tutorial.tex
LaTeX2e <2025-11-01>
L3 programming layer <2026-01-19>
(./DissertUESTC.cls
Document Class: DissertUESTC 
(/usr/local/texlive/2025/texmf-dist/tex/latex/base/ifthen.sty
Package: ifthen 2024/03/16 v1.1e Standard LaTeX ifthen package (DPC)
)
\nametitleorgskip=\skip49
\c@chineseabstractstartpage=\count271
\c@chineseabstractpagespan=\count272
\c@acknowledgementstartpage=\count273
\c@acknowledgementpagespan=\count274
\covertitlewidth=\skip50
\covertitlewidthlimit=\skip51
\coverschoolwidth=\skip52
\coverschoolwidthlimit=\skip53
\supervisorwidth=\skip54
\supervisortitlewidth=\skip55
\tmpsupervisortitlewidth=\skip56
\reviewerswidth=\skip57
\reviewerswidthlimit=\skip58
\engdisciplinewidth=\skip59
\engdisciplinewidthlimit=\skip60
\engschoolwidth=\skip61
\engschoolwidthlimit=\skip62
\c@pseudopage=\count275
\c@linecount=\count276

(/usr/local/texlive/2025/texmf-dist/tex/latex/base/book.cls
Document Class: book 2025/01/22 v1.4n Standard LaTeX document class
(/usr/local/texlive/2025/texmf-dist/tex/latex/base/bk10.clo
File: bk10.clo 2025/01/22 v1.4n Standard LaTeX file (size option)
)
\c@part=\count277
\c@chapter=\count278
\c@section=\count279
\c@subsection=\count280
\c@subsubsection=\count281
\c@paragraph=\count282
\c@subparagraph=\count283
\c@figure=\count284
\c@table=\count285
\abovecaptionskip=\skip63
\belowcaptionskip=\skip64
\bibindent=\dimen148
)
(/usr/local/texlive/2025/texmf-dist/tex/latex/ctex/ctex.sty
(/usr/local/texlive/2025/texmf-dist/tex/latex/l3kernel/expl3.sty
Package: expl3 2026-01-19 L3 programming layer (loader) 

(/usr/local/texlive/2025/texmf-dist/tex/latex/l3backend/l3backend-xetex.def
File: l3backend-xetex.def 2025-10-09 L3 backend support: XeTeX
\g__graphics_track_int=\count286
\g__pdfannot_backend_int=\count287
\g__pdfannot_backend_link_int=\count288
))
Package: ctex 2022/07/14 v2.5.10 Chinese adapter in LaTeX (CTEX)

(/usr/local/texlive/2025/texmf-dist/tex/latex/ctex/ctexhook.sty
Package: ctexhook 2022/07/14 v2.5.10 Document and package hooks (CTEX)
)
(/usr/local/texlive/2025/texmf-dist/tex/latex/ctex/ctexpatch.sty
Package: ctexpatch 2022/07/14 v2.5.10 Patching commands (CTEX)
)
(/usr/local/texlive/2025/texmf-dist/tex/latex/base/fix-cm.sty
Package: fix-cm 2020/11/24 v1.1t fixes to LaTeX

(/usr/local/texlive/2025/texmf-dist/tex/latex/base/ts1enc.def
File: ts1enc.def 2001/06/05 v3.0e (jk/car/fm) Standard LaTeX file
LaTeX Font Info:    Redeclaring font encoding TS1 on input line 47.
LaTeX Encoding Info:    Redeclaring text command \capitalcedilla (encoding TS1)
 on input line 49.
LaTeX Encoding Info:    Redeclaring text command \capitalogonek (encoding TS1) 
on input line 52.
LaTeX Encoding Info:    Redeclaring text command \capitalgrave (encoding TS1) o
n input line 55.
LaTeX Encoding Info:    Redeclaring text command \capitalacute (encoding TS1) o
n input line 56.
LaTeX Encoding Info:    Redeclaring text command \capitalcircumflex (encoding T
S1) on input line 57.
LaTeX Encoding Info:    Redeclaring text command \capitaltilde (encoding TS1) o
n input line 58.
LaTeX Encoding Info:    Redeclaring text command \capitaldieresis (encoding TS1
) on input line 59.
LaTeX Encoding Info:    Redeclaring text command \capitalhungarumlaut (encoding
 TS1) on input line 60.
LaTeX Encoding Info:    Redeclaring text command \capitalring (encoding TS1) on
 input line 61.
LaTeX Encoding Info:    Redeclaring text command \capitalcaron (encoding TS1) o
n input line 62.
LaTeX Encoding Info:    Redeclaring text command \capitalbreve (encoding TS1) o
n input line 63.
LaTeX Encoding Info:    Redeclaring text command \capitalmacron (encoding TS1) 
on input line 64.
LaTeX Encoding Info:    Redeclaring text command \capitaldotaccent (encoding TS
1) on input line 65.
LaTeX Encoding Info:    Redeclaring text command \t (encoding TS1) on input lin
e 66.
LaTeX Encoding Info:    Redeclaring text command \capitaltie (encoding TS1) on 
input line 67.
LaTeX Encoding Info:    Redeclaring text command \newtie (encoding TS1) on inpu
t line 68.
LaTeX Encoding Info:    Redeclaring text command \capitalnewtie (encoding TS1) 
on input line 69.
LaTeX Encoding Info:    Redeclaring text symbol \textcapitalcompwordmark (encod
ing TS1) on input line 70.
LaTeX Encoding Info:    Redeclaring text symbol \textascendercompwordmark (enco
ding TS1) on input line 71.
LaTeX Encoding Info:    Redeclaring text symbol \textquotestraightbase (encodin
g TS1) on input line 72.
LaTeX Encoding Info:    Redeclaring text symbol \textquotestraightdblbase (enco
ding TS1) on input line 73.
LaTeX Encoding Info:    Redeclaring text symbol \texttwelveudash (encoding TS1)
 on input line 74.
LaTeX Encoding Info:    Redeclaring text symbol \textthreequartersemdash (encod
ing TS1) on input line 75.
LaTeX Encoding Info:    Redeclaring text symbol \textleftarrow (encoding TS1) o
n input line 76.
LaTeX Encoding Info:    Redeclaring text symbol \textrightarrow (encoding TS1) 
on input line 77.
LaTeX Encoding Info:    Redeclaring text symbol \textblank (encoding TS1) on in
put line 78.
LaTeX Encoding Info:    Redeclaring text symbol \textdollar (encoding TS1) on i
nput line 79.
LaTeX Encoding Info:    Redeclaring text symbol \textquotesingle (encoding TS1)
 on input line 80.
LaTeX Encoding Info:    Redeclaring text command \textasteriskcentered (encodin
g TS1) on input line 81.
LaTeX Encoding Info:    Redeclaring text symbol \textdblhyphen (encoding TS1) o
n input line 92.
LaTeX Encoding Info:    Redeclaring text symbol \textfractionsolidus (encoding 
TS1) on input line 93.
LaTeX Encoding Info:    Redeclaring text symbol \textzerooldstyle (encoding TS1
) on input line 94.
LaTeX Encoding Info:    Redeclaring text symbol \textoneoldstyle (encoding TS1)
 on input line 95.
LaTeX Encoding Info:    Redeclaring text symbol \texttwooldstyle (encoding TS1)
 on input line 96.
LaTeX Encoding Info:    Redeclaring text symbol \textthreeoldstyle (encoding TS
1) on input line 97.
LaTeX Encoding Info:    Redeclaring text symbol \textfouroldstyle (encoding TS1
) on input line 98.
LaTeX Encoding Info:    Redeclaring text symbol \textfiveoldstyle (encoding TS1
) on input line 99.
LaTeX Encoding Info:    Redeclaring text symbol \textsixoldstyle (encoding TS1)
 on input line 100.
LaTeX Encoding Info:    Redeclaring text symbol \textsevenoldstyle (encoding TS
1) on input line 101.
LaTeX Encoding Info:    Redeclaring text symbol \texteightoldstyle (encoding TS
1) on input line 102.
LaTeX Encoding Info:    Redeclaring text symbol \textnineoldstyle (encoding TS1
) on input line 103.
LaTeX Encoding Info:    Redeclaring text symbol \textlangle (encoding TS1) on i
nput line 104.
LaTeX Encoding Info:    Redeclaring text symbol \textminus (encoding TS1) on in
put line 105.
LaTeX Encoding Info:    Redeclaring text symbol \textrangle (encoding TS1) on i
nput line 106.
LaTeX Encoding Info:    Redeclaring text symbol \textmho (encoding TS1) on inpu
t line 107.
LaTeX Encoding Info:    Redeclaring text symbol \textbigcircle (encoding TS1) o
n input line 108.
LaTeX Encoding Info:    Redeclaring text command \textcircled (encoding TS1) on
 input line 109.
LaTeX Encoding Info:    Redeclaring text symbol \textohm (encoding TS1) on inpu
t line 115.
LaTeX Encoding Info:    Redeclaring text symbol \textlbrackdbl (encoding TS1) o
n input line 116.
LaTeX Encoding Info:    Redeclaring text symbol \textrbrackdbl (encoding TS1) o
n input line 117.
LaTeX Encoding Info:    Redeclaring text symbol \textuparrow (encoding TS1) on 
input line 118.
LaTeX Encoding Info:    Redeclaring text symbol \textdownarrow (encoding TS1) o
n input line 119.
LaTeX Encoding Info:    Redeclaring text symbol \textasciigrave (encoding TS1) 
on input line 120.
LaTeX Encoding Info:    Redeclaring text symbol \textborn (encoding TS1) on inp
ut line 121.
LaTeX Encoding Info:    Redeclaring text symbol \textdivorced (encoding TS1) on
 input line 122.
LaTeX Encoding Info:    Redeclaring text symbol \textdied (encoding TS1) on inp
ut line 123.
LaTeX Encoding Info:    Redeclaring text symbol \textleaf (encoding TS1) on inp
ut line 124.
LaTeX Encoding Info:    Redeclaring text symbol \textmarried (encoding TS1) on 
input line 125.
LaTeX Encoding Info:    Redeclaring text symbol \textmusicalnote (encoding TS1)
 on input line 126.
LaTeX Encoding Info:    Redeclaring text symbol \texttildelow (encoding TS1) on
 input line 127.
LaTeX Encoding Info:    Redeclaring text symbol \textdblhyphenchar (encoding TS
1) on input line 128.
LaTeX Encoding Info:    Redeclaring text symbol \textasciibreve (encoding TS1) 
on input line 129.
LaTeX Encoding Info:    Redeclaring text symbol \textasciicaron (encoding TS1) 
on input line 130.
LaTeX Encoding Info:    Redeclaring text symbol \textacutedbl (encoding TS1) on
 input line 131.
LaTeX Encoding Info:    Redeclaring text symbol \textgravedbl (encoding TS1) on
 input line 132.
LaTeX Encoding Info:    Redeclaring text symbol \textdagger (encoding TS1) on i
nput line 133.
LaTeX Encoding Info:    Redeclaring text symbol \textdaggerdbl (encoding TS1) o
n input line 134.
LaTeX Encoding Info:    Redeclaring text symbol \textbardbl (encoding TS1) on i
nput line 135.
LaTeX Encoding Info:    Redeclaring text symbol \textperthousand (encoding TS1)
 on input line 136.
LaTeX Encoding Info:    Redeclaring text symbol \textbullet (encoding TS1) on i
nput line 137.
LaTeX Encoding Info:    Redeclaring text symbol \textcelsius (encoding TS1) on 
input line 138.
LaTeX Encoding Info:    Redeclaring text symbol \textdollaroldstyle (encoding T
S1) on input line 139.
LaTeX Encoding Info:    Redeclaring text symbol \textcentoldstyle (encoding TS1
) on input line 140.
LaTeX Encoding Info:    Redeclaring text symbol \textflorin (encoding TS1) on i
nput line 141.
LaTeX Encoding Info:    Redeclaring text symbol \textcolonmonetary (encoding TS
1) on input line 142.
LaTeX Encoding Info:    Redeclaring text symbol \textwon (encoding TS1) on inpu
t line 143.
LaTeX Encoding Info:    Redeclaring text symbol \textnaira (encoding TS1) on in
put line 144.
LaTeX Encoding Info:    Redeclaring text symbol \textguarani (encoding TS1) on 
input line 145.
LaTeX Encoding Info:    Redeclaring text symbol \textpeso (encoding TS1) on inp
ut line 146.
LaTeX Encoding Info:    Redeclaring text symbol \textlira (encoding TS1) on inp
ut line 147.
LaTeX Encoding Info:    Redeclaring text symbol \textrecipe (encoding TS1) on i
nput line 148.
LaTeX Encoding Info:    Redeclaring text symbol \textinterrobang (encoding TS1)
 on input line 149.
LaTeX Encoding Info:    Redeclaring text symbol \textinterrobangdown (encoding 
TS1) on input line 150.
LaTeX Encoding Info:    Redeclaring text symbol \textdong (encoding TS1) on inp
ut line 151.
LaTeX Encoding Info:    Redeclaring text symbol \texttrademark (encoding TS1) o
n input line 152.
LaTeX Encoding Info:    Redeclaring text symbol \textpertenthousand (encoding T
S1) on input line 153.
LaTeX Encoding Info:    Redeclaring text symbol \textpilcrow (encoding TS1) on 
input line 154.
LaTeX Encoding Info:    Redeclaring text symbol \textbaht (encoding TS1) on inp
ut line 155.
LaTeX Encoding Info:    Redeclaring text symbol \textnumero (encoding TS1) on i
nput line 156.
LaTeX Encoding Info:    Redeclaring text symbol \textdiscount (encoding TS1) on
 input line 157.
LaTeX Encoding Info:    Redeclaring text symbol \textestimated (encoding TS1) o
n input line 158.
LaTeX Encoding Info:    Redeclaring text symbol \textopenbullet (encoding TS1) 
on input line 159.
LaTeX Encoding Info:    Redeclaring text symbol \textservicemark (encoding TS1)
 on input line 160.
LaTeX Encoding Info:    Redeclaring text symbol \textlquill (encoding TS1) on i
nput line 161.
LaTeX Encoding Info:    Redeclaring text symbol \textrquill (encoding TS1) on i
nput line 162.
LaTeX Encoding Info:    Redeclaring text symbol \textcent (encoding TS1) on inp
ut line 163.
LaTeX Encoding Info:    Redeclaring text symbol \textsterling (encoding TS1) on
 input line 164.
LaTeX Encoding Info:    Redeclaring text symbol \textcurrency (encoding TS1) on
 input line 165.
LaTeX Encoding Info:    Redeclaring text symbol \textyen (encoding TS1) on inpu
t line 166.
LaTeX Encoding Info:    Redeclaring text symbol \textbrokenbar (encoding TS1) o
n input line 167.
LaTeX Encoding Info:    Redeclaring text symbol \textsection (encoding TS1) on 
input line 168.
LaTeX Encoding Info:    Redeclaring text symbol \textasciidieresis (encoding TS
1) on input line 169.
LaTeX Encoding Info:    Redeclaring text symbol \textcopyright (encoding TS1) o
n input line 170.
LaTeX Encoding Info:    Redeclaring text symbol \textordfeminine (encoding TS1)
 on input line 171.
LaTeX Encoding Info:    Redeclaring text symbol \textcopyleft (encoding TS1) on
 input line 172.
LaTeX Encoding Info:    Redeclaring text symbol \textlnot (encoding TS1) on inp
ut line 173.
LaTeX Encoding Info:    Redeclaring text symbol \textcircledP (encoding TS1) on
 input line 174.
LaTeX Encoding Info:    Redeclaring text symbol \textregistered (encoding TS1) 
on input line 175.
LaTeX Encoding Info:    Redeclaring text symbol \textasciimacron (encoding TS1)
 on input line 176.
LaTeX Encoding Info:    Redeclaring text symbol \textdegree (encoding TS1) on i
nput line 177.
LaTeX Encoding Info:    Redeclaring text symbol \textpm (encoding TS1) on input
 line 178.
LaTeX Encoding Info:    Redeclaring text symbol \texttwosuperior (encoding TS1)
 on input line 179.
LaTeX Encoding Info:    Redeclaring text symbol \textthreesuperior (encoding TS
1) on input line 180.
LaTeX Encoding Info:    Redeclaring text symbol \textasciiacute (encoding TS1) 
on input line 181.
LaTeX Encoding Info:    Redeclaring text symbol \textmu (encoding TS1) on input
 line 182.
LaTeX Encoding Info:    Redeclaring text symbol \textparagraph (encoding TS1) o
n input line 183.
LaTeX Encoding Info:    Redeclaring text symbol \textperiodcentered (encoding T
S1) on input line 184.
LaTeX Encoding Info:    Redeclaring text symbol \textreferencemark (encoding TS
1) on input line 185.
LaTeX Encoding Info:    Redeclaring text symbol \textonesuperior (encoding TS1)
 on input line 186.
LaTeX Encoding Info:    Redeclaring text symbol \textordmasculine (encoding TS1
) on input line 187.
LaTeX Encoding Info:    Redeclaring text symbol \textsurd (encoding TS1) on inp
ut line 188.
LaTeX Encoding Info:    Redeclaring text symbol \textonequarter (encoding TS1) 
on input line 189.
LaTeX Encoding Info:    Redeclaring text symbol \textonehalf (encoding TS1) on 
input line 190.
LaTeX Encoding Info:    Redeclaring text symbol \textthreequarters (encoding TS
1) on input line 191.
LaTeX Encoding Info:    Redeclaring text symbol \texteuro (encoding TS1) on inp
ut line 192.
LaTeX Encoding Info:    Redeclaring text symbol \texttimes (encoding TS1) on in
put line 193.
LaTeX Encoding Info:    Redeclaring text symbol \textdiv (encoding TS1) on inpu
t line 194.
))
\l__ctex_tmp_int=\count289
\l__ctex_tmp_box=\box53
\l__ctex_tmp_dim=\dimen149
\g__ctex_section_depth_int=\count290
\g__ctex_font_size_int=\count291

(/usr/local/texlive/2025/texmf-dist/tex/latex/ctex/config/ctexopts.cfg
File: ctexopts.cfg 2022/07/14 v2.5.10 Option configuration file (CTEX)
)
(/usr/local/texlive/2025/texmf-dist/tex/latex/ctex/engine/ctex-engine-xetex.def
File: ctex-engine-xetex.def 2022/07/14 v2.5.10 XeLaTeX adapter (CTEX)
(/usr/local/texlive/2025/texmf-dist/tex/xelatex/xecjk/xeCJK.sty
Package: xeCJK 2022/08/05 v3.9.1 Typesetting CJK scripts with XeLaTeX

(/usr/local/texlive/2025/texmf-dist/tex/latex/l3packages/xtemplate/xtemplate.st
y
Package: xtemplate 2025-10-09 L3 Experimental prototype document functions
)
\l__xeCJK_tmp_int=\count292
\l__xeCJK_tmp_box=\box54
\l__xeCJK_tmp_dim=\dimen150
\l__xeCJK_tmp_skip=\skip65
\g__xeCJK_space_factor_int=\count293
\l__xeCJK_begin_int=\count294
\l__xeCJK_end_int=\count295
\c__xeCJK_CJK_class_int=\XeTeXcharclass1
\c__xeCJK_FullLeft_class_int=\XeTeXcharclass2
\c__xeCJK_FullRight_class_int=\XeTeXcharclass3
\c__xeCJK_HalfLeft_class_int=\XeTeXcharclass4
\c__xeCJK_HalfRight_class_int=\XeTeXcharclass5
\c__xeCJK_NormalSpace_class_int=\XeTeXcharclass6
\c__xeCJK_CM_class_int=\XeTeXcharclass7
\c__xeCJK_HangulJamo_class_int=\XeTeXcharclass8
\l__xeCJK_last_skip=\skip66
\c__xeCJK_none_node=\count296
\g__xeCJK_node_int=\count297
\c__xeCJK_CJK_node_dim=\dimen151
\c__xeCJK_CJK-space_node_dim=\dimen152
\c__xeCJK_default_node_dim=\dimen153
\c__xeCJK_CJK-widow_node_dim=\dimen154
\c__xeCJK_normalspace_node_dim=\dimen155
\c__xeCJK_default-space_node_skip=\skip67
\l__xeCJK_ccglue_skip=\skip68
\l__xeCJK_ecglue_skip=\skip69
\l__xeCJK_punct_kern_skip=\skip70
\l__xeCJK_indent_box=\box55
\l__xeCJK_last_penalty_int=\count298
\l__xeCJK_last_bound_dim=\dimen156
\l__xeCJK_last_kern_dim=\dimen157
\l__xeCJK_widow_penalty_int=\count299

LaTeX template Info: Declaring template type 'xeCJK/punctuation' taking 0
(template)           argument(s) on line 2396.

\l__xeCJK_fixed_punct_width_dim=\dimen158
\l__xeCJK_mixed_punct_width_dim=\dimen159
\l__xeCJK_middle_punct_width_dim=\dimen160
\l__xeCJK_fixed_margin_width_dim=\dimen161
\l__xeCJK_mixed_margin_width_dim=\dimen162
\l__xeCJK_middle_margin_width_dim=\dimen163
\l__xeCJK_bound_punct_width_dim=\dimen164
\l__xeCJK_bound_margin_width_dim=\dimen165
\l__xeCJK_margin_minimum_dim=\dimen166
\l__xeCJK_kerning_total_width_dim=\dimen167
\l__xeCJK_same_align_margin_dim=\dimen168
\l__xeCJK_different_align_margin_dim=\dimen169
\l__xeCJK_kerning_margin_width_dim=\dimen170
\l__xeCJK_kerning_margin_minimum_dim=\dimen171
\l__xeCJK_bound_dim=\dimen172
\l__xeCJK_reverse_bound_dim=\dimen173
\l__xeCJK_margin_dim=\dimen174
\l__xeCJK_minimum_bound_dim=\dimen175
\l__xeCJK_kerning_margin_dim=\dimen176
\g__xeCJK_family_int=\count300
\l__xeCJK_fam_int=\count301
\g__xeCJK_fam_allocation_int=\count302
\l__xeCJK_verb_case_int=\count303
\l__xeCJK_verb_exspace_skip=\skip71
 (/usr/local/texlive/2025/texmf-dist/tex/latex/fontspec/fontspec.sty
(/usr/local/texlive/2025/texmf-dist/tex/latex/l3packages/xparse/xparse.sty
Package: xparse 2025-10-09 L3 Experimental document command parser
)
Package: fontspec 2025/09/29 v2.9g Font selection for XeLaTeX and LuaLaTeX

(/usr/local/texlive/2025/texmf-dist/tex/latex/fontspec/fontspec-xetex.sty
Package: fontspec-xetex 2025/09/29 v2.9g Font selection for XeLaTeX and LuaLaTe
X
\l__fontspec_script_int=\count304
\l__fontspec_language_int=\count305
\l__fontspec_strnum_int=\count306
\l__fontspec_tmp_int=\count307
\l__fontspec_tmpa_int=\count308
\l__fontspec_tmpb_int=\count309
\l__fontspec_tmpc_int=\count310
\l__fontspec_em_int=\count311
\l__fontspec_emdef_int=\count312
\l__fontspec_strong_int=\count313
\l__fontspec_strongdef_int=\count314
\l__fontspec_tmpa_dim=\dimen177
\l__fontspec_tmpb_dim=\dimen178
\l__fontspec_tmpc_dim=\dimen179

(/usr/local/texlive/2025/texmf-dist/tex/latex/base/fontenc.sty
Package: fontenc 2025/07/18 v2.1d Standard LaTeX package
)
(/usr/local/texlive/2025/texmf-dist/tex/latex/fontspec/fontspec.cfg)))
(/usr/local/texlive/2025/texmf-dist/tex/xelatex/xecjk/xeCJK.cfg
File: xeCJK.cfg 2022/08/05 v3.9.1 Configuration file for xeCJK package
))
\ccwd=\dimen180
\l__ctex_ccglue_skip=\skip72
)
\l__ctex_ziju_dim=\dimen181

(/usr/local/texlive/2025/texmf-dist/tex/latex/zhnumber/zhnumber.sty
Package: zhnumber 2022/07/14 v3.0 Typesetting numbers with Chinese glyphs
\l__zhnum_scale_int=\count315
\l__zhnum_tmp_int=\count316

(/usr/local/texlive/2025/texmf-dist/tex/latex/zhnumber/zhnumber-utf8.cfg
File: zhnumber-utf8.cfg 2022/07/14 v3.0 Chinese numerals with UTF8 encoding
))
(/usr/local/texlive/2025/texmf-dist/tex/latex/ctex/scheme/ctex-scheme-chinese.d
ef
File: ctex-scheme-chinese.def 2022/07/14 v2.5.10 Chinese scheme for generic (CT
EX)
 (/usr/local/texlive/2025/texmf-dist/tex/latex/ctex/config/ctex-name-utf8.cfg
File: ctex-name-utf8.cfg 2022/07/14 v2.5.10 Caption with encoding UTF-8 (CTEX)
)) (/usr/local/texlive/2025/texmf-dist/tex/latex/tools/indentfirst.sty
Package: indentfirst 2023/07/02 v1.03 Indent first paragraph (DPC)
)
(/usr/local/texlive/2025/texmf-dist/tex/latex/ctex/ctex-c5size.clo
File: ctex-c5size.clo 2022/07/14 v2.5.10 c5size option (CTEX)
)
(/usr/local/texlive/2025/texmf-dist/tex/latex/ctex/fontset/ctex-fontset-fandol.
def
File: ctex-fontset-fandol.def 2022/07/14 v2.5.10 Fandol fonts definition (CTEX)


Package fontspec Info: 
(fontspec)             Script 'CJK' not explicitly supported within font
(fontspec)             'FandolSong-Regular'. Check the typeset output, and if
(fontspec)             it is okay then ignore this warning. Otherwise a
(fontspec)             different font should be chosen.


Package fontspec Info: 
(fontspec)             Font family 'FandolSong-Regular(0)' created for font
(fontspec)             'FandolSong-Regular' with options
(fontspec)             [Script={CJK},Extension={.otf},BoldFont={FandolSong-Bold
},ItalicFont={FandolKai-Regular}].
(fontspec)              
(fontspec)              This font family consists of the following NFSS
(fontspec)             series/shapes:
(fontspec)              
(fontspec)             - 'normal' (m/n) with NFSS spec.:
(fontspec)             <->"[FandolSong-Regular.otf]/OT:script=hani;language=dfl
t;"
(fontspec)             - 'bold' (b/n) with NFSS spec.:
(fontspec)             <->"[FandolSong-Bold.otf]/OT:script=hani;language=dflt;"

(fontspec)             - 'italic' (m/it) with NFSS spec.:
(fontspec)             <->"[FandolKai-Regular.otf]/OT:script=hani;language=dflt
;"

)) (/usr/local/texlive/2025/texmf-dist/tex/latex/ctex/config/ctex.cfg
File: ctex.cfg 2022/07/14 v2.5.10 Configuration file (CTEX)
)
(/usr/local/texlive/2025/texmf-dist/tex/xelatex/xecjk/xeCJKfntef.sty
Package: xeCJKfntef 2022/08/05 v3.9.1 xeCJK font effect

(/usr/local/texlive/2025/texmf-dist/tex/generic/ulem/ulem.sty
\UL@box=\box56
\UL@hyphenbox=\box57
\UL@skip=\skip73
\UL@hook=\toks17
\UL@height=\dimen182
\UL@pe=\count317
\UL@pixel=\dimen183
\ULC@box=\box58
Package: ulem 2019/11/18
\ULdepth=\dimen184
)
\l__xeCJK_space_skip=\skip74
\c__xeCJK_ulem-begin_node_dim=\dimen185
\l__xeCJK_hidden_box=\box59
\l__xeCJK_fntef_box=\box60
\l__xeCJK_under_symbol_box=\box61
\c__xeCJK_filll_skip=\skip75
)
(/usr/local/texlive/2025/texmf-dist/tex/latex/tools/calc.sty
Package: calc 2025/03/01 v4.3b Infix arithmetic (KKT,FJ)
\calc@Acount=\count318
\calc@Bcount=\count319
\calc@Adimen=\dimen186
\calc@Bdimen=\dimen187
\calc@Askip=\skip76
\calc@Bskip=\skip77
LaTeX Info: Redefining \setlength on input line 86.
LaTeX Info: Redefining \addtolength on input line 87.
\calc@Ccount=\count320
\calc@Cskip=\skip78
)
(/usr/local/texlive/2025/texmf-dist/tex/latex/graphics/color.sty
Package: color 2025/01/14 v1.3e Standard LaTeX Color (DPC)

(/usr/local/texlive/2025/texmf-dist/tex/latex/graphics-cfg/color.cfg
File: color.cfg 2016/01/02 v1.6 sample color configuration
)
Package color Info: Driver file: xetex.def on input line 149.

(/usr/local/texlive/2025/texmf-dist/tex/latex/graphics-def/xetex.def
File: xetex.def 2025/11/01 v5.0p Graphics/color driver for xetex
)
(/usr/local/texlive/2025/texmf-dist/tex/latex/graphics/mathcolor.ltx))
(/usr/local/texlive/2025/texmf-dist/tex/latex/xcolor/xcolor.sty
Package: xcolor 2024/09/29 v3.02 LaTeX color extensions (UK)

(/usr/local/texlive/2025/texmf-dist/tex/latex/graphics-cfg/color.cfg
File: color.cfg 2016/01/02 v1.6 sample color configuration
)
Package xcolor Info: Driver file: xetex.def on input line 274.
LaTeX Info: Redefining \color on input line 762.

(/usr/local/texlive/2025/texmf-dist/tex/latex/graphics/mathcolor.ltx)
Package xcolor Info: Model `cmy' substituted by `cmy0' on input line 1349.
Package xcolor Info: Model `RGB' extended on input line 1365.
Package xcolor Info: Model `HTML' substituted by `rgb' on input line 1367.
Package xcolor Info: Model `Hsb' substituted by `hsb' on input line 1368.
Package xcolor Info: Model `tHsb' substituted by `hsb' on input line 1369.
Package xcolor Info: Model `HSB' substituted by `hsb' on input line 1370.
Package xcolor Info: Model `Gray' substituted by `gray' on input line 1371.
Package xcolor Info: Model `wave' substituted by `hsb' on input line 1372.
)
(/usr/local/texlive/2025/texmf-dist/tex/latex/graphics/dvipsnam.def
File: dvipsnam.def 2016/06/17 v3.0m Driver-dependent file (DPC,SPQR)
)
(/usr/local/texlive/2025/texmf-dist/tex/latex/xcolor/svgnam.def
File: svgnam.def 2024/09/29 v3.02 Predefined colors according to SVG 1.1 (UK)
)
(/usr/local/texlive/2025/texmf-dist/tex/latex/xcolor/x11nam.def
File: x11nam.def 2024/09/29 v3.02 Predefined colors according to Unix/X11 (UK)
)
(/usr/local/texlive/2025/texmf-dist/tex/latex/layouts/layouts.sty
Package: layouts 2009/09/02 v2.6d graphical depiction of document elements
\l@ylen=\skip79
\layoutsbox=\box62
\l@youtunitlength=\skip80
\l@youtlinethick=\skip81
\l@youtlinethickii=\skip82
\l@ysetupparskip=\skip83
\l@ysetupbaselineskip=\skip84
\l@yonem=\skip85
\l@yonex=\skip86
\l@ylmarg=\skip87
\l@yrmarg=\skip88
\l@yitmindent=\skip89
\l@ylblwidth=\skip90
\l@ylblsep=\skip91
\l@ylparindent=\skip92
\l@ytsep=\skip93
\l@ypskip=\skip94
\l@yptsep=\skip95
\l@ypsep=\skip96
\l@yitmsep=\skip97
\l@ytok=\toks18
\l@youtpw=\count321
\l@youtph=\count322
\l@youthpi=\count323
\l@youthpii=\count324
\l@youthpiii=\count325
\l@youthpiv=\count326
\l@youthpv=\count327
\l@youthpvi=\count328
\l@youthpvii=\count329
\l@youtparskip=\count330
\l@youtvpi=\count331
\l@youtvpii=\count332
\l@youtvpiii=\count333
\l@youtvpiv=\count334
\l@youtvpv=\count335
\l@youtvpvi=\count336
\l@youtvpvii=\count337
\l@youthdo=\count338
\l@youthdi=\count339
\l@youthdii=\count340
\l@youthdiii=\count341
\l@youthdiv=\count342
\l@youthdv=\count343
\l@youthdvi=\count344
\l@youthdvii=\count345
\l@youtvdo=\count346
\l@youtvdi=\count347
\l@youtvdii=\count348
\l@youtvdiii=\count349
\l@youtvdiv=\count350
\l@youtvdv=\count351
\l@youtvdvi=\count352
\l@youtvdvii=\count353
\l@youtvdviii=\count354
\l@youtxci=\count355
\l@youtxcii=\count356
\l@youtxciii=\count357
\l@youtxciv=\count358
\l@youtxcv=\count359
\l@youtxcvi=\count360
\l@youtyci=\count361
\l@youtycii=\count362
\l@youtyciii=\count363
\l@youtyciv=\count364
\l@youtycv=\count365
\l@youtycvi=\count366
\l@youtycvii=\count367
\l@youtycviii=\count368
\l@youtxco=\count369
\l@youtyco=\count370
\l@ytempdima=\skip98
\trimedge=\skip99
\trimtop=\skip100
\uppermargin=\skip101
\spinemargin=\skip102
)
(/usr/local/texlive/2025/texmf-dist/tex/latex/titlesec/titlesec.sty
Package: titlesec 2025/01/04 v2.17 Sectioning titles
\ttl@box=\box63
\beforetitleunit=\skip103
\aftertitleunit=\skip104
\ttl@plus=\dimen188
\ttl@minus=\dimen189
\ttl@toksa=\toks19
\titlewidth=\dimen190
\titlewidthlast=\dimen191
\titlewidthfirst=\dimen192
)
(/usr/local/texlive/2025/texmf-dist/tex/latex/titlesec/titletoc.sty
Package: titletoc 2025/01/04 v2.17 TOC entries
\ttl@leftsep=\dimen193
)
(/usr/local/texlive/2025/texmf-dist/tex/latex/tocloft/tocloft.sty
Package: tocloft 2017/08/31 v2.3i parameterised ToC, etc., typesetting
Package tocloft Info: The document has chapter divisions on input line 51.
\cftparskip=\skip105
\cftbeforetoctitleskip=\skip106
\cftaftertoctitleskip=\skip107
\cftbeforepartskip=\skip108
\cftpartnumwidth=\skip109
\cftpartindent=\skip110
\cftbeforechapskip=\skip111
\cftchapindent=\skip112
\cftchapnumwidth=\skip113
\cftbeforesecskip=\skip114
\cftsecindent=\skip115
\cftsecnumwidth=\skip116
\cftbeforesubsecskip=\skip117
\cftsubsecindent=\skip118
\cftsubsecnumwidth=\skip119
\cftbeforesubsubsecskip=\skip120
\cftsubsubsecindent=\skip121
\cftsubsubsecnumwidth=\skip122
\cftbeforeparaskip=\skip123
\cftparaindent=\skip124
\cftparanumwidth=\skip125
\cftbeforesubparaskip=\skip126
\cftsubparaindent=\skip127
\cftsubparanumwidth=\skip128
\cftbeforeloftitleskip=\skip129
\cftafterloftitleskip=\skip130
\cftbeforefigskip=\skip131
\cftfigindent=\skip132
\cftfignumwidth=\skip133
\c@lofdepth=\count371
\c@lotdepth=\count372
\cftbeforelottitleskip=\skip134
\cftafterlottitleskip=\skip135
\cftbeforetabskip=\skip136
\cfttabindent=\skip137
\cfttabnumwidth=\skip138
)
(/usr/local/texlive/2025/texmf-dist/tex/latex/fancyhdr/fancyhdr.sty
Package: fancyhdr 2025/02/07 v5.2 Extensive control of page headers and footers

\f@nch@headwidth=\skip139
\f@nch@offset@elh=\skip140
\f@nch@offset@erh=\skip141
\f@nch@offset@olh=\skip142
\f@nch@offset@orh=\skip143
\f@nch@offset@elf=\skip144
\f@nch@offset@erf=\skip145
\f@nch@offset@olf=\skip146
\f@nch@offset@orf=\skip147
\f@nch@height=\skip148
\f@nch@footalignment=\skip149
\f@nch@widthL=\skip150
\f@nch@widthC=\skip151
\f@nch@widthR=\skip152
\@temptokenb=\toks20
)
(/usr/local/texlive/2025/texmf-dist/tex/latex/hyperref/hyperref.sty
Package: hyperref 2026-01-29 v7.01p Hypertext links for LaTeX

(/usr/local/texlive/2025/texmf-dist/tex/generic/iftex/iftex.sty
Package: iftex 2024/12/12 v1.0g TeX engine tests
)
(/usr/local/texlive/2025/texmf-dist/tex/latex/graphics/keyval.sty
Package: keyval 2022/05/29 v1.15 key=value parser (DPC)
\KV@toks@=\toks21
)
(/usr/local/texlive/2025/texmf-dist/tex/latex/kvsetkeys/kvsetkeys.sty
Package: kvsetkeys 2022-10-05 v1.19 Key value parser (HO)
)
(/usr/local/texlive/2025/texmf-dist/tex/generic/kvdefinekeys/kvdefinekeys.sty
Package: kvdefinekeys 2019-12-19 v1.6 Define keys (HO)
)
(/usr/local/texlive/2025/texmf-dist/tex/generic/pdfescape/pdfescape.sty
Package: pdfescape 2019/12/09 v1.15 Implements pdfTeX's escape features (HO)

(/usr/local/texlive/2025/texmf-dist/tex/generic/ltxcmds/ltxcmds.sty
Package: ltxcmds 2023-12-04 v1.26 LaTeX kernel commands for general use (HO)
)
(/usr/local/texlive/2025/texmf-dist/tex/generic/pdftexcmds/pdftexcmds.sty
Package: pdftexcmds 2020-06-27 v0.33 Utility functions of pdfTeX for LuaTeX (HO
)

(/usr/local/texlive/2025/texmf-dist/tex/generic/infwarerr/infwarerr.sty
Package: infwarerr 2019/12/03 v1.5 Providing info/warning/error messages (HO)
)
Package pdftexcmds Info: \pdf@primitive is available.
Package pdftexcmds Info: \pdf@ifprimitive is available.
Package pdftexcmds Info: \pdfdraftmode not found.
))
(/usr/local/texlive/2025/texmf-dist/tex/latex/hycolor/hycolor.sty
Package: hycolor 2020-01-27 v1.10 Color options for hyperref/bookmark (HO)
)
(/usr/local/texlive/2025/texmf-dist/tex/latex/hyperref/nameref.sty
Package: nameref 2026-01-29 v2.58 Cross-referencing by name of section

(/usr/local/texlive/2025/texmf-dist/tex/latex/refcount/refcount.sty
Package: refcount 2019/12/15 v3.6 Data extraction from label references (HO)
)
(/usr/local/texlive/2025/texmf-dist/tex/generic/gettitlestring/gettitlestring.s
ty
Package: gettitlestring 2019/12/15 v1.6 Cleanup title references (HO)
 (/usr/local/texlive/2025/texmf-dist/tex/latex/kvoptions/kvoptions.sty
Package: kvoptions 2022-06-15 v3.15 Key value format for package options (HO)
))
\c@section@level=\count373
)
(/usr/local/texlive/2025/texmf-dist/tex/latex/etoolbox/etoolbox.sty
Package: etoolbox 2025/10/02 v2.5m e-TeX tools for LaTeX (JAW)
\etb@tempcnta=\count374
)
(/usr/local/texlive/2025/texmf-dist/tex/generic/stringenc/stringenc.sty
Package: stringenc 2019/11/29 v1.12 Convert strings between diff. encodings (HO
)
)
\@linkdim=\dimen194
\Hy@linkcounter=\count375
\Hy@pagecounter=\count376

(/usr/local/texlive/2025/texmf-dist/tex/latex/hyperref/pd1enc.def
File: pd1enc.def 2026-01-29 v7.01p Hyperref: PDFDocEncoding definition (HO)
)
(/usr/local/texlive/2025/texmf-dist/tex/generic/intcalc/intcalc.sty
Package: intcalc 2019/12/15 v1.3 Expandable calculations with integers (HO)
)
\Hy@SavedSpaceFactor=\count377

(/usr/local/texlive/2025/texmf-dist/tex/latex/hyperref/puenc.def
File: puenc.def 2026-01-29 v7.01p Hyperref: PDF Unicode definition (HO)
)
Package hyperref Info: Option `unicode' set `true' on input line 4072.
Package hyperref Info: Option `bookmarksnumbered' set `true' on input line 4072
.
Package hyperref Info: Hyper figures OFF on input line 4201.
Package hyperref Info: Link nesting OFF on input line 4206.
Package hyperref Info: Hyper index ON on input line 4209.
Package hyperref Info: Plain pages OFF on input line 4216.
Package hyperref Info: Backreferencing OFF on input line 4221.
Package hyperref Info: Implicit mode ON; LaTeX internals redefined.
Package hyperref Info: Bookmarks ON on input line 4468.
\c@Hy@tempcnt=\count378

(/usr/local/texlive/2025/texmf-dist/tex/latex/url/url.sty
\Urlmuskip=\muskip17
Package: url 2013/09/16  ver 3.4  Verb mode for urls, etc.
)
LaTeX Info: Redefining \url on input line 4807.
\XeTeXLinkMargin=\dimen195

(/usr/local/texlive/2025/texmf-dist/tex/generic/bitset/bitset.sty
Package: bitset 2019/12/09 v1.3 Handle bit-vector datatype (HO)

(/usr/local/texlive/2025/texmf-dist/tex/generic/bigintcalc/bigintcalc.sty
Package: bigintcalc 2019/12/15 v1.5 Expandable calculations on big integers (HO
)
))
\Fld@menulength=\count379
\Field@Width=\dimen196
\Fld@charsize=\dimen197
Package hyperref Info: Hyper figures OFF on input line 6084.
Package hyperref Info: Link nesting OFF on input line 6089.
Package hyperref Info: Hyper index ON on input line 6092.
Package hyperref Info: backreferencing OFF on input line 6099.
Package hyperref Info: Link coloring OFF on input line 6104.
Package hyperref Info: Link coloring with OCG OFF on input line 6109.
Package hyperref Info: PDF/A mode OFF on input line 6114.
\Hy@abspage=\count380
\c@Item=\count381
\c@Hfootnote=\count382
)
Package hyperref Info: Driver (autodetected): hxetex.

(/usr/local/texlive/2025/texmf-dist/tex/latex/hyperref/hxetex.def
File: hxetex.def 2026-01-29 v7.01p Hyperref driver for XeTeX
\pdfm@box=\box64
\c@Hy@AnnotLevel=\count383
\HyField@AnnotCount=\count384
\Fld@listcount=\count385
\c@bookmark@seq@number=\count386

(/usr/local/texlive/2025/texmf-dist/tex/latex/rerunfilecheck/rerunfilecheck.sty
Package: rerunfilecheck 2025-06-21 v1.11 Rerun checks for auxiliary files (HO)

(/usr/local/texlive/2025/texmf-dist/tex/generic/uniquecounter/uniquecounter.sty
Package: uniquecounter 2019/12/15 v1.4 Provide unlimited unique counter (HO)
)
Package uniquecounter Info: New unique counter `rerunfilecheck' on input line 2
84.
)
\Hy@SectionHShift=\skip153
) (/usr/local/texlive/2025/texmf-dist/tex/latex/graphics/graphicx.sty
Package: graphicx 2024/12/31 v1.2e Enhanced LaTeX Graphics (DPC,SPQR)

(/usr/local/texlive/2025/texmf-dist/tex/latex/graphics/graphics.sty
Package: graphics 2024/08/06 v1.4g Standard LaTeX Graphics (DPC,SPQR)

(/usr/local/texlive/2025/texmf-dist/tex/latex/graphics/trig.sty
Package: trig 2023/12/02 v1.11 sin cos tan (DPC)
)
(/usr/local/texlive/2025/texmf-dist/tex/latex/graphics-cfg/graphics.cfg
File: graphics.cfg 2016/06/04 v1.11 sample graphics configuration
)
Package graphics Info: Driver file: xetex.def on input line 106.
)
\Gin@req@height=\dimen198
\Gin@req@width=\dimen199
)
(/usr/local/texlive/2025/texmf-dist/tex/latex/subfig/subfig.sty
Package: subfig 2005/06/28 ver: 1.3 subfig package

(/usr/local/texlive/2025/texmf-dist/tex/latex/caption/caption.sty
Package: caption 2023/08/05 v3.6o Customizing captions (AR)

(/usr/local/texlive/2025/texmf-dist/tex/latex/caption/caption3.sty
Package: caption3 2023/07/31 v2.4d caption3 kernel (AR)
\caption@tempdima=\dimen256
\captionmargin=\dimen257
\caption@leftmargin=\dimen258
\caption@rightmargin=\dimen259
\caption@width=\dimen260
\caption@indent=\dimen261
\caption@parindent=\dimen262
\caption@hangindent=\dimen263
Package caption Info: Standard document class detected.
)
\c@caption@flags=\count387
\c@continuedfloat=\count388
Package caption Info: hyperref package is loaded.
)
\c@KVtest=\count389
\sf@farskip=\skip154
\sf@captopadj=\dimen264
\sf@capskip=\skip155
\sf@nearskip=\skip156
\c@subfigure=\count390
\c@subfigure@save=\count391
\c@subtable=\count392
\c@subtable@save=\count393
\sf@top=\skip157
\sf@bottom=\skip158
)
(/usr/local/texlive/2025/texmf-dist/tex/latex/natbib/natbib.sty
Package: natbib 2010/09/13 8.31b (PWD, AO)
\bibhang=\skip159
\bibsep=\skip160
LaTeX Info: Redefining \cite on input line 694.
\c@NAT@ctr=\count394
)
(/usr/local/texlive/2025/texmf-dist/tex/latex/notoccite/notoccite.sty
Package: notoccite 2000/07/20
)
(/usr/local/texlive/2025/texmf-dist/tex/latex/nomencl/nomencl.sty
Package: nomencl 2021/11/10 v5.6 Nomenclature package

(/usr/local/texlive/2025/texmf-dist/tex/latex/xkeyval/xkeyval.sty
Package: xkeyval 2025/11/04 v2.10 package option processing (HA)

(/usr/local/texlive/2025/texmf-dist/tex/generic/xkeyval/xkeyval.tex
(/usr/local/texlive/2025/texmf-dist/tex/generic/xkeyval/xkvutils.tex
\XKV@toks=\toks22
\XKV@tempa@toks=\toks23
\XKV@tempb@toks=\toks24
)
\XKV@depth=\count395
File: xkeyval.tex 2014/12/03 v2.7a key=value parser (HA)
))
(/usr/local/texlive/2025/texmf-dist/tex/latex/tools/array.sty
Package: array 2025/09/25 v2.6n Tabular extension package (FMi)
\col@sep=\dimen265
\ar@mcellbox=\box65
\extrarowheight=\dimen266
\NC@list=\toks25
\extratabsurround=\skip161
\backup@length=\skip162
\ar@cellbox=\box66
)
(/usr/local/texlive/2025/texmf-dist/tex/latex/tools/longtable.sty
Package: longtable 2025-10-13 v4.24 Multi-page Table package (DPC)
\LTleft=\skip163
\LTright=\skip164
\LTpre=\skip165
\LTpost=\skip166
\LTchunksize=\count396
\LTcapwidth=\dimen267
\LT@head=\box67
\LT@firsthead=\box68
\LT@foot=\box69
\LT@lastfoot=\box70
\LT@gbox=\box71
\LT@cols=\count397
\LT@rows=\count398
\c@LT@tables=\count399
\c@LT@chunks=\count400
\LT@p@ftn=\toks26
)
(/usr/local/texlive/2025/texmf-dist/tex/latex/siunitx/siunitx.sty
Package: siunitx 2025-07-09 v3.4.14 A comprehensive (SI) units package
\l__siunitx_number_uncert_offset_int=\count401
\l__siunitx_number_exponent_fixed_int=\count402
\l__siunitx_number_min_decimal_int=\count403
\l__siunitx_number_min_integer_int=\count404
\l__siunitx_number_round_precision_int=\count405
\l__siunitx_number_lower_threshold_int=\count406
\l__siunitx_number_upper_threshold_int=\count407
\l__siunitx_number_group_first_int=\count408
\l__siunitx_number_group_size_int=\count409
\l__siunitx_number_group_minimum_int=\count410
\l__siunitx_angle_tmp_dim=\dimen268
\l__siunitx_angle_marker_box=\box72
\l__siunitx_angle_unit_box=\box73
\l__siunitx_compound_count_int=\count411

(/usr/local/texlive/2025/texmf-dist/tex/latex/translations/translations.sty
Package: translations 2022/02/05 v1.12 internationalization of LaTeX2e packages
 (CN)
)
(/usr/local/texlive/2025/texmf-dist/tex/latex/amsmath/amstext.sty
Package: amstext 2024/11/17 v2.01 AMS text

(/usr/local/texlive/2025/texmf-dist/tex/latex/amsmath/amsgen.sty
File: amsgen.sty 1999/11/30 v2.0 generic functions
\@emptytoks=\toks27
\ex@=\dimen269
))
\l__siunitx_table_tmp_box=\box74
\l__siunitx_table_tmp_dim=\dimen270
\l__siunitx_table_column_width_dim=\dimen271
\l__siunitx_table_integer_box=\box75
\l__siunitx_table_decimal_box=\box76
\l__siunitx_table_uncert_box=\box77
\l__siunitx_table_before_box=\box78
\l__siunitx_table_after_box=\box79
\l__siunitx_table_before_dim=\dimen272
\l__siunitx_table_carry_dim=\dimen273
\l__siunitx_unit_tmp_int=\count412
\l__siunitx_unit_position_int=\count413
\l__siunitx_unit_total_int=\count414
)
(/usr/local/texlive/2025/texmf-dist/tex/latex/koma-script/tocbasic.sty
Package: tocbasic 2026/02/02 v3.49.2 KOMA-Script package (handling toc-files)

(/usr/local/texlive/2025/texmf-dist/tex/latex/koma-script/scrbase.sty
Package: scrbase 2026/02/02 v3.49.2 KOMA-Script package (KOMA-Script-independen
t basics and keyval usage)

(/usr/local/texlive/2025/texmf-dist/tex/latex/koma-script/scrlfile.sty
Package: scrlfile 2026/02/02 v3.49.2 KOMA-Script package (file load hooks)

(/usr/local/texlive/2025/texmf-dist/tex/latex/koma-script/scrlfile-hook.sty
Package: scrlfile-hook 2026/02/02 v3.49.2 KOMA-Script package (using LaTeX hook
s)

(/usr/local/texlive/2025/texmf-dist/tex/latex/koma-script/scrlogo.sty
Package: scrlogo 2026/02/02 v3.49.2 KOMA-Script package (logo)
)))
Applying: [2021/05/01] Usage of raw or classic option list on input line 254.
Already applied: [0000/00/00] Usage of raw or classic option list on input line
 370.
)
\scr@dte@tocline@numberwidth=\skip167
\scr@dte@tocline@numbox=\box80
)
Package tocbasic Info: omitting babel extension for `nlo'
(tocbasic)             because of missing \bbl@set@language on input line 187.
Package tocbasic Info: omitting babel extension for `nls'
(tocbasic)             because of missing \bbl@set@language on input line 188.
\nomlabelwidth=\dimen274
\nom@tempdim=\dimen275
\nomitemsep=\skip168
)
(/usr/local/texlive/2025/texmf-dist/tex/latex/amsfonts/amssymb.sty
Package: amssymb 2013/01/14 v3.01 AMS font symbols

(/usr/local/texlive/2025/texmf-dist/tex/latex/amsfonts/amsfonts.sty
Package: amsfonts 2013/01/14 v3.01 Basic AMSFonts support
\symAMSa=\mathgroup4
\symAMSb=\mathgroup5
LaTeX Font Info:    Redeclaring math symbol \hbar on input line 98.
LaTeX Font Info:    Overwriting math alphabet `\mathfrak' in version `bold'
(Font)                  U/euf/m/n --> U/euf/b/n on input line 106.
))
(/usr/local/texlive/2025/texmf-dist/tex/latex/amsmath/amsmath.sty
Package: amsmath 2025/07/09 v2.17z AMS math features
\@mathmargin=\skip169

For additional information on amsmath, use the `?' option.
(/usr/local/texlive/2025/texmf-dist/tex/latex/amsmath/amsbsy.sty
Package: amsbsy 1999/11/29 v1.2d Bold Symbols
\pmbraise@=\dimen276
)
(/usr/local/texlive/2025/texmf-dist/tex/latex/amsmath/amsopn.sty
Package: amsopn 2022/04/08 v2.04 operator names
)
\inf@bad=\count415
LaTeX Info: Redefining \frac on input line 233.
\uproot@=\count416
\leftroot@=\count417
LaTeX Info: Redefining \overline on input line 398.
LaTeX Info: Redefining \colon on input line 409.
\classnum@=\count418
\DOTSCASE@=\count419
LaTeX Info: Redefining \ldots on input line 495.
LaTeX Info: Redefining \dots on input line 498.
LaTeX Info: Redefining \cdots on input line 619.
\Mathstrutbox@=\box81
\strutbox@=\box82
LaTeX Info: Redefining \big on input line 721.
LaTeX Info: Redefining \Big on input line 722.
LaTeX Info: Redefining \bigg on input line 723.
LaTeX Info: Redefining \Bigg on input line 724.
\big@size=\dimen277
LaTeX Font Info:    Redeclaring font encoding OML on input line 742.
LaTeX Font Info:    Redeclaring font encoding OMS on input line 743.
\macc@depth=\count420
LaTeX Info: Redefining \bmod on input line 904.
LaTeX Info: Redefining \pmod on input line 909.
LaTeX Info: Redefining \smash on input line 939.
LaTeX Info: Redefining \relbar on input line 969.
LaTeX Info: Redefining \Relbar on input line 970.
\c@MaxMatrixCols=\count421
\dotsspace@=\muskip18
\c@parentequation=\count422
\dspbrk@lvl=\count423
\tag@help=\toks28
\row@=\count424
\column@=\count425
\maxfields@=\count426
\andhelp@=\toks29
\eqnshift@=\dimen278
\alignsep@=\dimen279
\tagshift@=\dimen280
\tagwidth@=\dimen281
\totwidth@=\dimen282
\lineht@=\dimen283
\@envbody=\toks30
\multlinegap=\skip170
\multlinetaggap=\skip171
\mathdisplay@stack=\toks31
LaTeX Info: Redefining \[ on input line 2950.
LaTeX Info: Redefining \] on input line 2951.
)
(/usr/local/texlive/2025/texmf-dist/tex/latex/amscls/amsthm.sty
Package: amsthm 2020/05/29 v2.20.6
\thm@style=\toks32
\thm@bodyfont=\toks33
\thm@headfont=\toks34
\thm@notefont=\toks35
\thm@headpunct=\toks36
\thm@preskip=\skip172
\thm@postskip=\skip173
\thm@headsep=\skip174
\dth@everypar=\toks37
)
(/usr/local/texlive/2025/texmf-dist/tex/latex/algorithm2e/algorithm2e.sty
Invalid UTF-8 byte or sequence at line 284 replaced by U+FFFD.
Invalid UTF-8 byte or sequence at line 299 replaced by U+FFFD.
Invalid UTF-8 byte or sequence at line 550 replaced by U+FFFD.
Package: algorithm2e 2017/07/18 v5.2 algorithms environments
\c@AlgoLine=\count427
\algocf@hangindent=\skip175

(/usr/local/texlive/2025/texmf-dist/tex/latex/ifoddpage/ifoddpage.sty
Package: ifoddpage 2022/10/18 v1.2 Conditionals for odd/even page detection
\c@checkoddpage=\count428
)
(/usr/local/texlive/2025/texmf-dist/tex/latex/tools/xspace.sty
Package: xspace 2014/10/28 v1.13 Space after command names (DPC,MH)
)
(/usr/local/texlive/2025/texmf-dist/tex/latex/relsize/relsize.sty
Package: relsize 2013/03/29 ver 4.1
)
\skiptotal=\skip176
\skiplinenumber=\skip177
\skiprule=\skip178
\skiphlne=\skip179
\skiptext=\skip180
\skiplength=\skip181
\algomargin=\skip182
\skipalgocfslide=\skip183
\algowidth=\dimen284
\inoutsize=\dimen285
\inoutindent=\dimen286
\interspacetitleruled=\dimen287
\interspacealgoruled=\dimen288
\interspacetitleboxruled=\dimen289
\algocf@ruledwidth=\skip184
\algocf@inoutbox=\box83
\algocf@inputbox=\box84
\AlCapSkip=\skip185
\AlCapHSkip=\skip186
\algoskipindent=\skip187
\algocf@nlbox=\box85
\algocf@hangingbox=\box86
\algocf@untilbox=\box87
\algocf@skipuntil=\skip188
\algocf@capbox=\box88
\algocf@lcaptionbox=\skip189
\algoheightruledefault=\skip190
\algoheightrule=\skip191
\algotitleheightruledefault=\skip192
\algotitleheightrule=\skip193
\c@algocfline=\count429
\c@algocfproc=\count430
\c@algocf=\count431
\algocf@algoframe=\box89
\algocf@algobox=\box90
)
(/usr/local/texlive/2025/texmf-dist/tex/latex/appendix/appendix.sty
Package: appendix 2020/02/08 v1.2c extra appendix facilities
\c@@pps=\count432
\c@@ppsavesec=\count433
\c@@ppsaveapp=\count434
)
(/usr/local/texlive/2025/texmf-dist/tex/xelatex/xecjk/xunicode-addon.sty
Package: xunicode-addon 2022/08/05 v3.9.1 addon file for xunicode

(/usr/local/texlive/2025/texmf-dist/tex/xelatex/xunicode/xunicode.sty
File: xunicode.sty 2011/09/09 v0.981 provides access to latin accents and many 
other characters in Unicode lower plane

(/usr/local/texlive/2025/texmf-dist/tex/latex/tipa/t3enc.def
File: t3enc.def 2001/12/31 T3 encoding

Package fontspec Info: 
(fontspec)             Script 'CJK' not explicitly supported within font
(fontspec)             'FandolHei-Regular'. Check the typeset output, and if
(fontspec)             it is okay then ignore this warning. Otherwise a
(fontspec)             different font should be chosen.


Package fontspec Info: 
(fontspec)             Font family 'FandolHei-Regular(0)' created for font
(fontspec)             'FandolHei-Regular' with options
(fontspec)             [Script={CJK},Extension={.otf},BoldFont={FandolHei-Bold}
].
(fontspec)              
(fontspec)              This font family consists of the following NFSS
(fontspec)             series/shapes:
(fontspec)              
(fontspec)             - 'normal' (m/n) with NFSS spec.:
(fontspec)             <->"[FandolHei-Regular.otf]/OT:script=hani;language=dflt
;"
(fontspec)             - 'bold' (b/n) with NFSS spec.:
(fontspec)             <->"[FandolHei-Bold.otf]/OT:script=hani;language=dflt;"

)
\tipaTiiicode=\count435
\tipasavetokens=\toks38
\tipachecktokens=\toks39
LaTeX Encoding Info:    Redeclaring text command \nobreakspace (encoding TU) on
 input line 1725.
LaTeX Encoding Info:    Redeclaring text command \copyright (encoding TU) on in
put line 1739.
LaTeX Encoding Info:    Redeclaring text command \AA (encoding TU) on input lin
e 1785.
LaTeX Encoding Info:    Redeclaring text command \aa (encoding TU) on input lin
e 1842.
LaTeX Encoding Info:    Redeclaring text command \textrhookopeno (encoding TU) 
on input line 3119.
LaTeX Encoding Info:    Redeclaring text command \textaolig (encoding TU) on in
put line 3729.
)
\l__xunadd_tmp_coffin=\box91
\l__xunadd_circle_coffin=\box92
\l_xunadd_slot_int=\count436
)
(/usr/local/texlive/2025/texmf-dist/tex/xelatex/xunicode/xunicode.sty
File: xunicode.sty 2011/09/09 v0.981 provides access to latin accents and many 
other characters in Unicode lower plane

*** Reloading Xunicode for encoding 'TU' ***
LaTeX Encoding Info:    Redeclaring text command \textoverh (encoding TU) on in
put line 400.
LaTeX Encoding Info:    Redeclaring text command \textoverheng (encoding TU) on
 input line 402.
LaTeX Encoding Info:    Redeclaring text command \textoverj (encoding TU) on in
put line 404.
LaTeX Encoding Info:    Redeclaring text command \textoverh (encoding TU) on in
put line 406.
LaTeX Encoding Info:    Redeclaring text command \textoverw (encoding TU) on in
put line 408.
LaTeX Encoding Info:    Redeclaring text command \textovery (encoding TU) on in
put line 411.
LaTeX Encoding Info:    Redeclaring text command \textspleftarrow (encoding TU)
 on input line 417.
LaTeX Encoding Info:    Redeclaring text command \textsbleftarrow (encoding TU)
 on input line 423.
LaTeX Encoding Info:    Redeclaring text command \textgravedbl (encoding TU) on
 input line 428.
LaTeX Encoding Info:    Redeclaring text command \texttildebelow (encoding TU) 
on input line 429.
LaTeX Encoding Info:    Redeclaring text command \textopencorner (encoding TU) 
on input line 431.
LaTeX Encoding Info:    Redeclaring text command \textcorner (encoding TU) on i
nput line 432.
LaTeX Encoding Info:    Redeclaring text command \textsubdoublearrow (encoding 
TU) on input line 440.
LaTeX Encoding Info:    Redeclaring text command \textrptr (encoding TU) on inp
ut line 441.
LaTeX Encoding Info:    Redeclaring text command \textsubrightarrow (encoding T
U) on input line 442.
LaTeX Encoding Info:    Redeclaring text command \` (encoding TU) on input line
 445.
LaTeX Encoding Info:    Redeclaring text command \capitalgrave (encoding TU) on
 input line 447.
LaTeX Encoding Info:    Redeclaring text command \' (encoding TU) on input line
 448.
LaTeX Encoding Info:    Redeclaring text command \capitalacute (encoding TU) on
 input line 450.
LaTeX Encoding Info:    Redeclaring text command \^ (encoding TU) on input line
 451.
LaTeX Encoding Info:    Redeclaring text command \capitalcircumflex (encoding T
U) on input line 453.
LaTeX Encoding Info:    Redeclaring text command \~ (encoding TU) on input line
 454.
LaTeX Encoding Info:    Redeclaring text command \capitaltilde (encoding TU) on
 input line 456.
LaTeX Encoding Info:    Redeclaring text command \= (encoding TU) on input line
 457.
LaTeX Encoding Info:    Redeclaring text command \capitalmacron (encoding TU) o
n input line 459.
LaTeX Encoding Info:    Redeclaring text command \textoverline (encoding OT1) o
n input line 460.
LaTeX Encoding Info:    Redeclaring text command \textoverline (encoding TU) on
 input line 461.
LaTeX Encoding Info:    Redeclaring text command \u (encoding TU) on input line
 462.
LaTeX Encoding Info:    Redeclaring text command \capitalbreve (encoding TU) on
 input line 464.
LaTeX Encoding Info:    Redeclaring text command \. (encoding TU) on input line
 465.
LaTeX Encoding Info:    Redeclaring text command \capitaldotaccent (encoding TU
) on input line 467.
LaTeX Encoding Info:    Redeclaring text command \" (encoding TU) on input line
 468.
LaTeX Encoding Info:    Redeclaring text command \capitaldieresis (encoding TU)
 on input line 470.
LaTeX Encoding Info:    Redeclaring text command \m (encoding TU) on input line
 472.
LaTeX Encoding Info:    Redeclaring text command \texthookabove (encoding OT1) 
on input line 473.
LaTeX Encoding Info:    Redeclaring text command \texthookabove (encoding TU) o
n input line 474.
LaTeX Encoding Info:    Redeclaring text command \r (encoding TU) on input line
 475.
LaTeX Encoding Info:    Redeclaring text command \capitalring (encoding TU) on 
input line 477.
LaTeX Encoding Info:    Redeclaring text command \H (encoding TU) on input line
 478.
LaTeX Encoding Info:    Redeclaring text command \capitalhungarumlaut (encoding
 TU) on input line 480.
LaTeX Encoding Info:    Redeclaring text command \v (encoding TU) on input line
 481.
LaTeX Encoding Info:    Redeclaring text command \capitalcaron (encoding TU) on
 input line 483.
LaTeX Encoding Info:    Redeclaring text command \textvbaraccent (encoding TU) 
on input line 485.
LaTeX Encoding Info:    Redeclaring text command \textdoublevbaraccent (encodin
g TU) on input line 487.
LaTeX Encoding Info:    Redeclaring text command \U (encoding TU) on input line
 489.
LaTeX Encoding Info:    Redeclaring text command \textdoublegrave (encoding TU)
 on input line 491.
LaTeX Encoding Info:    Redeclaring text command \G (encoding TU) on input line
 493.
LaTeX Encoding Info:    Redeclaring text command \textdotbreve (encoding TU) on
 input line 495.
LaTeX Encoding Info:    Redeclaring text command \textroundcap (encoding TU) on
 input line 497.
LaTeX Encoding Info:    Redeclaring text command \newtie (encoding TU) on input
 line 499.
LaTeX Encoding Info:    Redeclaring text command \capitalnewtie (encoding TU) o
n input line 501.
LaTeX Encoding Info:    Redeclaring text command \textturncommaabove (encoding 
OT1) on input line 506.
LaTeX Encoding Info:    Redeclaring text command \textturncommaabove (encoding 
TU) on input line 507.
LaTeX Encoding Info:    Redeclaring text command \textcommaabove (encoding OT1)
 on input line 508.
LaTeX Encoding Info:    Redeclaring text command \textcommaabove (encoding TU) 
on input line 509.
LaTeX Encoding Info:    Redeclaring text command \textrevcommaabove (encoding O
T1) on input line 510.
LaTeX Encoding Info:    Redeclaring text command \textrevcommaabove (encoding T
U) on input line 511.
LaTeX Encoding Info:    Redeclaring text command \textcommaabover (encoding OT1
) on input line 512.
LaTeX Encoding Info:    Redeclaring text command \textcommaabover (encoding TU)
 on input line 513.
LaTeX Encoding Info:    Redeclaring text command \textsubgrave (encoding TU) on
 input line 515.
LaTeX Encoding Info:    Redeclaring text command \textsubacute (encoding TU) on
 input line 517.
LaTeX Encoding Info:    Redeclaring text command \textadvancing (encoding TU) o
n input line 519.
LaTeX Encoding Info:    Redeclaring text command \textretracting (encoding TU) 
on input line 521.
LaTeX Encoding Info:    Redeclaring text command \textlangleabove (encoding OT1
) on input line 522.
LaTeX Encoding Info:    Redeclaring text command \textlangleabove (encoding TU)
 on input line 523.
LaTeX Encoding Info:    Redeclaring text command \textrighthorn (encoding OT1) 
on input line 524.
LaTeX Encoding Info:    Redeclaring text command \textrighthorn (encoding TU) o
n input line 525.
LaTeX Encoding Info:    Redeclaring text command \textsublhalfring (encoding TU
) on input line 527.
LaTeX Encoding Info:    Redeclaring text command \textraising (encoding TU) on 
input line 529.
LaTeX Encoding Info:    Redeclaring text command \textlowering (encoding TU) on
 input line 531.
LaTeX Encoding Info:    Redeclaring text command \textsubplus (encoding TU) on 
input line 533.
LaTeX Encoding Info:    Redeclaring text command \textsubminus (encoding TU) on
 input line 535.
LaTeX Encoding Info:    Redeclaring text command \textpalhookbelow (encoding OT
1) on input line 536.
LaTeX Encoding Info:    Redeclaring text command \textpalhookbelow (encoding TU
) on input line 537.
LaTeX Encoding Info:    Redeclaring text command \M (encoding TU) on input line
 539.
LaTeX Encoding Info:    Redeclaring text command \textrethookbelow (encoding OT
1) on input line 540.
LaTeX Encoding Info:    Redeclaring text command \textrethookbelow (encoding TU
) on input line 541.
LaTeX Encoding Info:    Redeclaring text command \d (encoding TU) on input line
 542.
LaTeX Encoding Info:    Redeclaring text command \textsubdot (encoding TU) on i
nput line 544.
LaTeX Encoding Info:    Redeclaring text command \textsubumlaut (encoding TU) o
n input line 546.
LaTeX Encoding Info:    Redeclaring text command \textsubring (encoding TU) on 
input line 548.
LaTeX Encoding Info:    Redeclaring text command \textcommabelow (encoding OT1)
 on input line 549.
LaTeX Encoding Info:    Redeclaring text command \textcommabelow (encoding TU) 
on input line 550.
LaTeX Encoding Info:    Redeclaring text command \c (encoding TU) on input line
 551.
LaTeX Encoding Info:    Redeclaring text command \capitalcedilla (encoding TU) 
on input line 553.
LaTeX Encoding Info:    Redeclaring text command \k (encoding TU) on input line
 554.
LaTeX Encoding Info:    Redeclaring text command \capitalogonek (encoding TU) o
n input line 556.
LaTeX Encoding Info:    Redeclaring text command \textpolhook (encoding TU) on 
input line 558.
LaTeX Encoding Info:    Redeclaring text command \textsyllabic (encoding TU) on
 input line 560.
LaTeX Encoding Info:    Redeclaring text command \textsubbridge (encoding TU) o
n input line 562.
LaTeX Encoding Info:    Redeclaring text command \textsubw (encoding TU) on inp
ut line 565.
LaTeX Encoding Info:    Redeclaring text command \textsubwedge (encoding TU) on
 input line 567.
LaTeX Encoding Info:    Redeclaring text command \textsubcircum (encoding TU) o
n input line 569.
LaTeX Encoding Info:    Redeclaring text command \textundertie (encoding TU) on
 input line 571.
LaTeX Encoding Info:    Redeclaring text command \textsubarch (encoding TU) on 
input line 573.
LaTeX Encoding Info:    Redeclaring text command \textsubtilde (encoding TU) on
 input line 576.
LaTeX Encoding Info:    Redeclaring text command \textsubbar (encoding TU) on i
nput line 578.
LaTeX Encoding Info:    Redeclaring text command \b (encoding TU) on input line
 579.
LaTeX Encoding Info:    Redeclaring text command \subdoublebar (encoding TU) on
 input line 581.
LaTeX Encoding Info:    Redeclaring text command \textsuperimposetilde (encodin
g OT1) on input line 583.
LaTeX Encoding Info:    Redeclaring text command \textsuperimposetilde (encodin
g TU) on input line 584.
LaTeX Encoding Info:    Redeclaring text command \B (encoding TU) on input line
 586.
LaTeX Encoding Info:    Redeclaring text command \textsstrokethru (encoding OT1
) on input line 587.
LaTeX Encoding Info:    Redeclaring text command \textsstrokethru (encoding TU)
 on input line 588.
LaTeX Encoding Info:    Redeclaring text command \textlstrokethru (encoding OT1
) on input line 589.
LaTeX Encoding Info:    Redeclaring text command \textlstrokethru (encoding TU)
 on input line 590.
LaTeX Encoding Info:    Redeclaring text command \textsstrikethru (encoding OT1
) on input line 591.
LaTeX Encoding Info:    Redeclaring text command \textsstrikethru (encoding TU)
 on input line 592.
LaTeX Encoding Info:    Redeclaring text command \textlstrikethru (encoding OT1
) on input line 593.
LaTeX Encoding Info:    Redeclaring text command \textlstrikethru (encoding TU)
 on input line 594.
LaTeX Encoding Info:    Redeclaring text command \textsubrhalfring (encoding TU
) on input line 596.
LaTeX Encoding Info:    Redeclaring text command \textinvsubbridge (encoding TU
) on input line 598.
LaTeX Encoding Info:    Redeclaring text command \textsubsquare (encoding TU) o
n input line 600.
LaTeX Encoding Info:    Redeclaring text command \textseagull (encoding TU) on 
input line 602.
LaTeX Encoding Info:    Redeclaring text command \textovercross (encoding TU) o
n input line 604.
LaTeX Encoding Info:    Redeclaring text command \textdoubleoverline (encoding 
TU) on input line 607.
LaTeX Encoding Info:    Redeclaring text command \overbridge (encoding TU) on i
nput line 615.
LaTeX Encoding Info:    Redeclaring text command \subdoublevert (encoding TU) o
n input line 620.
LaTeX Encoding Info:    Redeclaring text command \subcorner (encoding TU) on in
put line 622.
LaTeX Encoding Info:    Redeclaring text command \crtilde (encoding TU) on inpu
t line 626.
LaTeX Encoding Info:    Redeclaring text command \dottedtilde (encoding TU) on 
input line 628.
LaTeX Encoding Info:    Redeclaring text command \doubletilde (encoding TU) on 
input line 630.
LaTeX Encoding Info:    Redeclaring text command \spreadlips (encoding TU) on i
nput line 632.
LaTeX Encoding Info:    Redeclaring text command \whistle (encoding TU) on inpu
t line 634.
LaTeX Encoding Info:    Redeclaring text command \textgraphemejoin (encoding OT
1) on input line 635.
LaTeX Encoding Info:    Redeclaring text command \textgraphemejoin (encoding TU
) on input line 636.
LaTeX Encoding Info:    Redeclaring text command \textrightarrowhead (encoding 
OT1) on input line 637.
LaTeX Encoding Info:    Redeclaring text command \textrightarrowhead (encoding 
TU) on input line 638.
LaTeX Encoding Info:    Redeclaring text command \textlefthalfring (encoding OT
1) on input line 639.
LaTeX Encoding Info:    Redeclaring text command \textlefthalfring (encoding TU
) on input line 640.
LaTeX Encoding Info:    Redeclaring text command \sublptr (encoding TU) on inpu
t line 644.
LaTeX Encoding Info:    Redeclaring text command \subrptr (encoding TU) on inpu
t line 646.
LaTeX Encoding Info:    Redeclaring text command \textrightuparrowhead (encodin
g OT1) on input line 647.
LaTeX Encoding Info:    Redeclaring text command \textrightuparrowhead (encodin
g TU) on input line 648.
LaTeX Encoding Info:    Redeclaring text command \textrighthalfring (encoding O
T1) on input line 649.
LaTeX Encoding Info:    Redeclaring text command \textrighthalfring (encoding T
U) on input line 650.
LaTeX Encoding Info:    Redeclaring text command \textdoublebrevebelow (encodin
g TU) on input line 656.
LaTeX Encoding Info:    Redeclaring text command \textdoublebreve (encoding OT1
) on input line 657.
LaTeX Encoding Info:    Redeclaring text command \textdoublebreve (encoding TU)
 on input line 658.
LaTeX Encoding Info:    Redeclaring text command \textdoublemacron (encoding OT
1) on input line 659.
LaTeX Encoding Info:    Redeclaring text command \textdoublemacron (encoding TU
) on input line 660.
LaTeX Encoding Info:    Redeclaring text command \textdoublemacronbelow (encodi
ng OT1) on input line 661.
LaTeX Encoding Info:    Redeclaring text command \textdoublemacronbelow (encodi
ng TU) on input line 662.
LaTeX Encoding Info:    Redeclaring text command \textdoubletilde (encoding OT1
) on input line 663.
LaTeX Encoding Info:    Redeclaring text command \textdoubletilde (encoding TU)
 on input line 664.
LaTeX Encoding Info:    Redeclaring text command \t (encoding TU) on input line
 666.
LaTeX Encoding Info:    Redeclaring text command \capitaltie (encoding TU) on i
nput line 668.
LaTeX Encoding Info:    Redeclaring text command \texttoptiebar (encoding TU) o
n input line 670.
LaTeX Encoding Info:    Redeclaring text command \sliding (encoding TU) on inpu
t line 692.
LaTeX Encoding Info:    Redeclaring text command \texthighrise (encoding OT1) o
n input line 717.
LaTeX Encoding Info:    Redeclaring text command \texthighrise (encoding TU) on
 input line 718.
LaTeX Encoding Info:    Redeclaring text command \textlowrise (encoding OT1) on
 input line 719.
LaTeX Encoding Info:    Redeclaring text command \textlowrise (encoding TU) on 
input line 720.
LaTeX Encoding Info:    Redeclaring text command \textrisefall (encoding OT1) o
n input line 723.
LaTeX Encoding Info:    Redeclaring text command \textrisefall (encoding TU) on
 input line 724.
LaTeX Encoding Info:    Redeclaring text command \textfallrise (encoding OT1) o
n input line 725.
LaTeX Encoding Info:    Redeclaring text command \textfallrise (encoding TU) on
 input line 726.
LaTeX Encoding Info:    Redeclaring text command \textaolig (encoding TU) on in
put line 738.
LaTeX Encoding Info:    Redeclaring text command \bibridge (encoding TU) on inp
ut line 768.
LaTeX Encoding Info:    Redeclaring text command \textmidacute (encoding TU) on
 input line 770.
LaTeX Encoding Info:    Redeclaring text command \textgravemid (encoding TU) on
 input line 772.
LaTeX Encoding Info:    Redeclaring text command \textgravecircum (encoding TU)
 on input line 774.
LaTeX Encoding Info:    Redeclaring text command \textcircumacute (encoding TU)
 on input line 776.
LaTeX Encoding Info:    Redeclaring text command \textgravedot (encoding TU) on
 input line 778.
LaTeX Encoding Info:    Redeclaring text command \textdotacute (encoding TU) on
 input line 780.
LaTeX Encoding Info:    Redeclaring text command \textacutemacron (encoding TU)
 on input line 782.
LaTeX Encoding Info:    Redeclaring text command \textgravemacron (encoding TU)
 on input line 784.
LaTeX Encoding Info:    Redeclaring text command \textacutewedge (encoding TU) 
on input line 786.
LaTeX Encoding Info:    Redeclaring text command \textcircumdot (encoding TU) o
n input line 788.
LaTeX Encoding Info:    Redeclaring text command \texttildedot (encoding TU) on
 input line 790.
LaTeX Encoding Info:    Redeclaring text command \textringmacron (encoding TU) 
on input line 792.
LaTeX Encoding Info:    Redeclaring text command \textbrevemacron (encoding TU)
 on input line 794.
LaTeX Encoding Info:    Redeclaring text command \texthookcircum (encoding TU) 
on input line 797.
LaTeX Encoding Info:    Redeclaring text command \texttildecircum (encoding TU)
 on input line 799.
LaTeX Encoding Info:    Redeclaring text command \textdieresisoverline (encodin
g TU) on input line 801.
LaTeX Encoding Info:    Redeclaring text command \textdieresisacute (encoding T
U) on input line 803.
LaTeX Encoding Info:    Redeclaring text command \textdieresisgrave (encoding T
U) on input line 805.
LaTeX Encoding Info:    Redeclaring text command \textdieresiscaron (encoding T
U) on input line 807.
LaTeX Encoding Info:    Redeclaring text command \texttildeoverline (encoding T
U) on input line 809.
LaTeX Encoding Info:    Redeclaring text command \textdotoverline (encoding TU)
 on input line 811.
LaTeX Encoding Info:    Redeclaring text command \textringacute (encoding TU) o
n input line 813.
LaTeX Encoding Info:    Redeclaring text command \textcircumdotbelow (encoding 
TU) on input line 815.
LaTeX Encoding Info:    Redeclaring text command \textbreveacute (encoding TU) 
on input line 817.
LaTeX Encoding Info:    Redeclaring text command \textbrevegrave (encoding TU) 
on input line 819.
LaTeX Encoding Info:    Redeclaring text command \textbrevehook (encoding TU) o
n input line 821.
LaTeX Encoding Info:    Redeclaring text command \textbrevetilde (encoding TU) 
on input line 823.
LaTeX Encoding Info:    Redeclaring text command \textbrevedotbelow (encoding T
U) on input line 825.
LaTeX Encoding Info:    Redeclaring text command \textacutehorn (encoding TU) o
n input line 827.
LaTeX Encoding Info:    Redeclaring text command \textgravehorn (encoding TU) o
n input line 829.
LaTeX Encoding Info:    Redeclaring text command \texthookhorn (encoding TU) on
 input line 831.
LaTeX Encoding Info:    Redeclaring text command \texttildehorn (encoding TU) o
n input line 833.
LaTeX Encoding Info:    Redeclaring text command \textdotbelowhorn (encoding TU
) on input line 835.
LaTeX Encoding Info:    Redeclaring text command \textogonekoverline (encoding 
TU) on input line 837.
LaTeX Encoding Info:    Redeclaring text command \textmiddledot (encoding TU) o
n input line 840.
LaTeX Encoding Info:    Redeclaring text command \TIPAvertmacro (encoding TU) o
n input line 842.
LaTeX Encoding Info:    Redeclaring text command \textupstep (encoding TU) on i
nput line 844.
LaTeX Encoding Info:    Redeclaring text command \textdownstep (encoding TU) on
 input line 845.
LaTeX Encoding Info:    Redeclaring text command \textquotedbl (encoding TU) on
 input line 1706.
LaTeX Encoding Info:    Redeclaring text command \texthash (encoding TU) on inp
ut line 1707.
LaTeX Encoding Info:    Redeclaring text command \textdollar (encoding TU) on i
nput line 1708.
LaTeX Encoding Info:    Redeclaring text command \textpercent (encoding TU) on 
input line 1709.
LaTeX Encoding Info:    Redeclaring text command \textampersand (encoding TU) o
n input line 1710.
LaTeX Encoding Info:    Redeclaring text command \textquotesingle (encoding TU)
 on input line 1711.
LaTeX Encoding Info:    Redeclaring text command \textasteriskcentered (encodin
g TU) on input line 1712.
LaTeX Encoding Info:    Redeclaring text command \textless (encoding TU) on inp
ut line 1713.
LaTeX Encoding Info:    Redeclaring text command \textequals (encoding TU) on i
nput line 1714.
LaTeX Encoding Info:    Redeclaring text command \textgreater (encoding TU) on 
input line 1715.
LaTeX Encoding Info:    Redeclaring text command \textbackslash (encoding TU) o
n input line 1716.
LaTeX Encoding Info:    Redeclaring text command \textasciicircum (encoding TU)
 on input line 1717.
LaTeX Encoding Info:    Redeclaring text command \textunderscore (encoding TU) 
on input line 1718.
LaTeX Encoding Info:    Redeclaring text command \textasciigrave (encoding TU) 
on input line 1719.
LaTeX Encoding Info:    Redeclaring text command \textg (encoding TU) on input 
line 1720.
LaTeX Encoding Info:    Redeclaring text command \textbraceleft (encoding TU) o
n input line 1721.
LaTeX Encoding Info:    Redeclaring text command \textbar (encoding TU) on inpu
t line 1722.
LaTeX Encoding Info:    Redeclaring text command \textbraceright (encoding TU) 
on input line 1723.
LaTeX Encoding Info:    Redeclaring text command \textasciitilde (encoding TU) 
on input line 1724.
LaTeX Encoding Info:    Redeclaring text command \textexclamdown (encoding TU) 
on input line 1726.
LaTeX Encoding Info:    Redeclaring text command \textcent (encoding TU) on inp
ut line 1727.
LaTeX Encoding Info:    Redeclaring text command \textsterling (encoding TU) on
 input line 1729.
LaTeX Encoding Info:    Redeclaring text command \textcurrency (encoding TU) on
 input line 1731.
LaTeX Encoding Info:    Redeclaring text command \textyen (encoding TU) on inpu
t line 1732.
LaTeX Encoding Info:    Redeclaring text command \textbrokenbar (encoding TU) o
n input line 1734.
LaTeX Encoding Info:    Redeclaring text command \textsection (encoding TU) on 
input line 1735.
LaTeX Encoding Info:    Redeclaring text command \textasciidieresis (encoding T
U) on input line 1737.
LaTeX Encoding Info:    Redeclaring text command \textcopyright (encoding TU) o
n input line 1738.
LaTeX Encoding Info:    Redeclaring text command \copyright (encoding TU) on in
put line 1739.
LaTeX Encoding Info:    Redeclaring text command \textordfeminine (encoding TU)
 on input line 1740.
LaTeX Encoding Info:    Redeclaring text command \guillemotleft (encoding TU) o
n input line 1742.
LaTeX Encoding Info:    Redeclaring text command \textlogicalnot (encoding TU) 
on input line 1743.
LaTeX Encoding Info:    Redeclaring text command \textregistered (encoding TU) 
on input line 1746.
LaTeX Encoding Info:    Redeclaring text command \textasciimacron (encoding TU)
 on input line 1747.
LaTeX Encoding Info:    Redeclaring text command \textdegree (encoding TU) on i
nput line 1748.
LaTeX Encoding Info:    Redeclaring text command \textpm (encoding TU) on input
 line 1749.
LaTeX Encoding Info:    Redeclaring text command \texttwosuperior (encoding TU)
 on input line 1751.
LaTeX Encoding Info:    Redeclaring text command \textthreesuperior (encoding T
U) on input line 1753.
LaTeX Encoding Info:    Redeclaring text command \textasciiacute (encoding TU) 
on input line 1755.
LaTeX Encoding Info:    Redeclaring text command \textmu (encoding TU) on input
 line 1756.
LaTeX Encoding Info:    Redeclaring text command \textparagraph (encoding TU) o
n input line 1758.
LaTeX Encoding Info:    Redeclaring text command \textpilcrow (encoding TU) on 
input line 1759.
LaTeX Encoding Info:    Redeclaring text command \textcentereddot (encoding TU)
 on input line 1761.
LaTeX Encoding Info:    Redeclaring text command \textperiodcentered (encoding 
TU) on input line 1762.
LaTeX Encoding Info:    Redeclaring text command \textasciicedilla (encoding TU
) on input line 1763.
LaTeX Encoding Info:    Redeclaring text command \textonesuperior (encoding TU)
 on input line 1764.
LaTeX Encoding Info:    Redeclaring text command \textordmasculine (encoding TU
) on input line 1766.
LaTeX Encoding Info:    Redeclaring text command \guillemotright (encoding TU) 
on input line 1768.
LaTeX Encoding Info:    Redeclaring text command \textonequarter (encoding TU) 
on input line 1769.
LaTeX Encoding Info:    Redeclaring text command \textonehalf (encoding TU) on 
input line 1770.
LaTeX Encoding Info:    Redeclaring text command \textthreequarters (encoding T
U) on input line 1771.
LaTeX Encoding Info:    Redeclaring text command \textquestiondown (encoding TU
) on input line 1772.
LaTeX Encoding Info:    Redeclaring text command \AA (encoding TU) on input lin
e 1785.
LaTeX Encoding Info:    Redeclaring text command \AE (encoding TU) on input lin
e 1786.
LaTeX Encoding Info:    Redeclaring text command \DH (encoding TU) on input lin
e 1806.
LaTeX Encoding Info:    Redeclaring text command \texttimes (encoding TU) on in
put line 1819.
LaTeX Encoding Info:    Redeclaring text command \O (encoding TU) on input line
 1821.
LaTeX Encoding Info:    Redeclaring text command \TH (encoding TU) on input lin
e 1832.
LaTeX Encoding Info:    Redeclaring text command \Thorn (encoding TU) on input 
line 1833.
LaTeX Encoding Info:    Redeclaring text command \ss (encoding TU) on input lin
e 1834.
LaTeX Encoding Info:    Redeclaring text command \aa (encoding TU) on input lin
e 1842.
LaTeX Encoding Info:    Redeclaring text command \ae (encoding TU) on input lin
e 1843.
LaTeX Encoding Info:    Redeclaring text command \dh (encoding TU) on input lin
e 1857.
LaTeX Encoding Info:    Redeclaring text command \textdiv (encoding TU) on inpu
t line 1864.
LaTeX Encoding Info:    Redeclaring text command \o (encoding TU) on input line
 1866.
LaTeX Encoding Info:    Redeclaring text command \th (encoding TU) on input lin
e 1872.
LaTeX Encoding Info:    Redeclaring text command \textthorn (encoding TU) on in
put line 1873.
LaTeX Encoding Info:    Redeclaring text command \textthornvari (encoding TU) o
n input line 1874.
LaTeX Encoding Info:    Redeclaring text command \textthornvarii (encoding TU) 
on input line 1875.
LaTeX Encoding Info:    Redeclaring text command \textthornvariii (encoding TU)
 on input line 1876.
LaTeX Encoding Info:    Redeclaring text command \textthornvariv (encoding TU) 
on input line 1877.
LaTeX Encoding Info:    Redeclaring text command \Aogonek (encoding TU) on inpu
t line 1887.
LaTeX Encoding Info:    Redeclaring text command \aogonek (encoding TU) on inpu
t line 1890.
LaTeX Encoding Info:    Redeclaring text command \DJ (encoding TU) on input lin
e 1907.
LaTeX Encoding Info:    Redeclaring text command \dj (encoding TU) on input lin
e 1909.
LaTeX Encoding Info:    Redeclaring text command \textcrd (encoding TU) on inpu
t line 1910.
LaTeX Encoding Info:    Redeclaring text command \textHbar (encoding TU) on inp
ut line 1943.
LaTeX Encoding Info:    Redeclaring text command \textcrh (encoding TU) on inpu
t line 1945.
LaTeX Encoding Info:    Redeclaring text command \texthbar (encoding TU) on inp
ut line 1946.
LaTeX Encoding Info:    Redeclaring text command \i (encoding TU) on input line
 1965.
LaTeX Encoding Info:    Redeclaring text command \IJ (encoding TU) on input lin
e 1966.
LaTeX Encoding Info:    Redeclaring text command \ij (encoding TU) on input lin
e 1967.
LaTeX Encoding Info:    Redeclaring text command \textkra (encoding TU) on inpu
t line 1975.
LaTeX Encoding Info:    Redeclaring text command \Lcaron (encoding TU) on input
 line 1984.
LaTeX Encoding Info:    Redeclaring text command \lcaron (encoding TU) on input
 line 1986.
LaTeX Encoding Info:    Redeclaring text command \L (encoding TU) on input line
 1990.
LaTeX Encoding Info:    Redeclaring text command \Lstroke (encoding TU) on inpu
t line 1991.
LaTeX Encoding Info:    Redeclaring text command \l (encoding TU) on input line
 1993.
LaTeX Encoding Info:    Redeclaring text command \lstroke (encoding TU) on inpu
t line 1994.
LaTeX Encoding Info:    Redeclaring text command \textbarl (encoding TU) on inp
ut line 1995.
LaTeX Encoding Info:    Redeclaring text command \NG (encoding TU) on input lin
e 2008.
LaTeX Encoding Info:    Redeclaring text command \ng (encoding TU) on input lin
e 2010.
LaTeX Encoding Info:    Redeclaring text command \OE (encoding TU) on input lin
e 2020.
LaTeX Encoding Info:    Redeclaring text command \oe (encoding TU) on input lin
e 2021.
LaTeX Encoding Info:    Redeclaring text command \Racute (encoding TU) on input
 line 2024.
LaTeX Encoding Info:    Redeclaring text command \racute (encoding TU) on input
 line 2026.
LaTeX Encoding Info:    Redeclaring text command \Sacute (encoding TU) on input
 line 2035.
LaTeX Encoding Info:    Redeclaring text command \sacute (encoding TU) on input
 line 2037.
LaTeX Encoding Info:    Redeclaring text command \Scedilla (encoding TU) on inp
ut line 2043.
LaTeX Encoding Info:    Redeclaring text command \scedilla (encoding TU) on inp
ut line 2045.
LaTeX Encoding Info:    Redeclaring text command \Scaron (encoding TU) on input
 line 2048.
LaTeX Encoding Info:    Redeclaring text command \scaron (encoding TU) on input
 line 2050.
LaTeX Encoding Info:    Redeclaring text command \Tcaron (encoding TU) on input
 line 2056.
LaTeX Encoding Info:    Redeclaring text command \tcaron (encoding TU) on input
 line 2058.
LaTeX Encoding Info:    Redeclaring text command \textTstroke (encoding TU) on 
input line 2060.
LaTeX Encoding Info:    Redeclaring text command \textTbar (encoding TU) on inp
ut line 2061.
LaTeX Encoding Info:    Redeclaring text command \texttstroke (encoding TU) on 
input line 2063.
LaTeX Encoding Info:    Redeclaring text command \texttbar (encoding TU) on inp
ut line 2064.
LaTeX Encoding Info:    Redeclaring text command \Zdotaccent (encoding TU) on i
nput line 2097.
LaTeX Encoding Info:    Redeclaring text command \zdotaccent (encoding TU) on i
nput line 2099.
LaTeX Encoding Info:    Redeclaring text command \Zcaron (encoding TU) on input
 line 2102.
LaTeX Encoding Info:    Redeclaring text command \zcaron (encoding TU) on input
 line 2104.
LaTeX Encoding Info:    Redeclaring text command \textcrb (encoding TU) on inpu
t line 2107.
LaTeX Encoding Info:    Redeclaring text command \textBhook (encoding TU) on in
put line 2109.
LaTeX Encoding Info:    Redeclaring text command \textOopen (encoding TU) on in
put line 2115.
LaTeX Encoding Info:    Redeclaring text command \textChook (encoding TU) on in
put line 2117.
LaTeX Encoding Info:    Redeclaring text command \texthtc (encoding TU) on inpu
t line 2119.
LaTeX Encoding Info:    Redeclaring text command \textchook (encoding TU) on in
put line 2120.
LaTeX Encoding Info:    Redeclaring text command \textDafrican (encoding TU) on
 input line 2122.
LaTeX Encoding Info:    Redeclaring text command \textDhook (encoding TU) on in
put line 2124.
LaTeX Encoding Info:    Redeclaring text command \textEreversed (encoding TU) o
n input line 2128.
LaTeX Encoding Info:    Redeclaring text command \textEopen (encoding TU) on in
put line 2132.
LaTeX Encoding Info:    Redeclaring text command \textFhook (encoding TU) on in
put line 2134.
LaTeX Encoding Info:    Redeclaring text command \textflorin (encoding TU) on i
nput line 2136.
LaTeX Encoding Info:    Redeclaring text command \textgamma (encoding TU) on in
put line 2139.
LaTeX Encoding Info:    Redeclaring text command \textGammaafrican (encoding TU
) on input line 2140.
LaTeX Encoding Info:    Redeclaring text command \hv (encoding TU) on input lin
e 2141.
LaTeX Encoding Info:    Redeclaring text command \texthvlig (encoding TU) on in
put line 2142.
LaTeX Encoding Info:    Redeclaring text command \textIotaafrican (encoding TU)
 on input line 2144.
LaTeX Encoding Info:    Redeclaring text command \textKhook (encoding TU) on in
put line 2150.
LaTeX Encoding Info:    Redeclaring text command \texthtk (encoding TU) on inpu
t line 2152.
LaTeX Encoding Info:    Redeclaring text command \textkhook (encoding TU) on in
put line 2153.
LaTeX Encoding Info:    Redeclaring text command \textbarl (encoding TU) on inp
ut line 2155.
LaTeX Encoding Info:    Redeclaring text command \textcrlambda (encoding TU) on
 input line 2157.
LaTeX Encoding Info:    Redeclaring text command \textNhookleft (encoding TU) o
n input line 2160.
LaTeX Encoding Info:    Redeclaring text command \textnrleg (encoding TU) on in
put line 2161.
LaTeX Encoding Info:    Redeclaring text command \Ohorn (encoding TU) on input 
line 2163.
LaTeX Encoding Info:    Redeclaring text command \ohorn (encoding TU) on input 
line 2165.
LaTeX Encoding Info:    Redeclaring text command \textPhook (encoding TU) on in
put line 2170.
LaTeX Encoding Info:    Redeclaring text command \texthtp (encoding TU) on inpu
t line 2172.
LaTeX Encoding Info:    Redeclaring text command \textphook (encoding TU) on in
put line 2173.
LaTeX Encoding Info:    Redeclaring text command \ESH (encoding TU) on input li
ne 2177.
LaTeX Encoding Info:    Redeclaring text command \textEsh (encoding TU) on inpu
t line 2178.
LaTeX Encoding Info:    Redeclaring text command \textlooptoprevesh (encoding T
U) on input line 2179.
LaTeX Encoding Info:    Redeclaring text command \textlhtlongi (encoding TU) on
 input line 2180.
LaTeX Encoding Info:    Redeclaring text command \textlhookt (encoding TU) on i
nput line 2182.
LaTeX Encoding Info:    Redeclaring text command \textThook (encoding TU) on in
put line 2184.
LaTeX Encoding Info:    Redeclaring text command \texthtt (encoding TU) on inpu
t line 2186.
LaTeX Encoding Info:    Redeclaring text command \textthook (encoding TU) on in
put line 2187.
LaTeX Encoding Info:    Redeclaring text command \textTretroflexhook (encoding 
TU) on input line 2189.
LaTeX Encoding Info:    Redeclaring text command \Uhorn (encoding TU) on input 
line 2190.
LaTeX Encoding Info:    Redeclaring text command \uhorn (encoding TU) on input 
line 2192.
LaTeX Encoding Info:    Redeclaring text command \textupsilon (encoding TU) on 
input line 2194.
LaTeX Encoding Info:    Redeclaring text command \textVhook (encoding TU) on in
put line 2197.
LaTeX Encoding Info:    Redeclaring text command \textYhook (encoding TU) on in
put line 2199.
LaTeX Encoding Info:    Redeclaring text command \textyhook (encoding TU) on in
put line 2201.
LaTeX Encoding Info:    Redeclaring text command \Zbar (encoding TU) on input l
ine 2203.
LaTeX Encoding Info:    Redeclaring text command \EZH (encoding TU) on input li
ne 2206.
LaTeX Encoding Info:    Redeclaring text command \textEzh (encoding TU) on inpu
t line 2207.
LaTeX Encoding Info:    Redeclaring text command \textrevyogh (encoding TU) on 
input line 2211.
LaTeX Encoding Info:    Redeclaring text command \textbenttailyogh (encoding TU
) on input line 2212.
LaTeX Encoding Info:    Redeclaring text command \textcrtwo (encoding TU) on in
put line 2214.
LaTeX Encoding Info:    Redeclaring text command \textcrinvglotstop (encoding T
U) on input line 2217.
LaTeX Encoding Info:    Redeclaring text command \wynn (encoding TU) on input l
ine 2218.
LaTeX Encoding Info:    Redeclaring text command \textpipe (encoding TU) on inp
ut line 2219.
LaTeX Encoding Info:    Redeclaring text command \textpipevar (encoding TU) on 
input line 2220.
LaTeX Encoding Info:    Redeclaring text command \textvertline (encoding TU) on
 input line 2221.
LaTeX Encoding Info:    Redeclaring text command \textdoublepipe (encoding TU) 
on input line 2223.
LaTeX Encoding Info:    Redeclaring text command \textdoublepipevar (encoding T
U) on input line 2224.
LaTeX Encoding Info:    Redeclaring text command \textdoublebarpipe (encoding T
U) on input line 2225.
LaTeX Encoding Info:    Redeclaring text command \textdoublebarpipevar (encodin
g TU) on input line 2226.
LaTeX Encoding Info:    Redeclaring text command \textrclick (encoding TU) on i
nput line 2228.
LaTeX Encoding Info:    Redeclaring text command \LJ (encoding TU) on input lin
e 2232.
LaTeX Encoding Info:    Redeclaring text command \Lj (encoding TU) on input lin
e 2233.
LaTeX Encoding Info:    Redeclaring text command \lj (encoding TU) on input lin
e 2234.
LaTeX Encoding Info:    Redeclaring text command \NJ (encoding TU) on input lin
e 2235.
LaTeX Encoding Info:    Redeclaring text command \Nj (encoding TU) on input lin
e 2236.
LaTeX Encoding Info:    Redeclaring text command \nj (encoding TU) on input lin
e 2237.
LaTeX Encoding Info:    Redeclaring text command \inve (encoding TU) on input l
ine 2268.
LaTeX Encoding Info:    Redeclaring text command \texteturned (encoding TU) on 
input line 2269.
LaTeX Encoding Info:    Redeclaring text command \textcrg (encoding TU) on inpu
t line 2282.
LaTeX Encoding Info:    Redeclaring text command \textEzh (encoding TU) on inpu
t line 2298.
LaTeX Encoding Info:    Redeclaring text command \textezh (encoding TU) on inpu
t line 2300.
LaTeX Encoding Info:    Redeclaring text command \DZ (encoding TU) on input lin
e 2303.
LaTeX Encoding Info:    Redeclaring text command \Dz (encoding TU) on input lin
e 2304.
LaTeX Encoding Info:    Redeclaring text command \dz (encoding TU) on input lin
e 2305.
LaTeX Encoding Info:    Redeclaring text command \HV (encoding TU) on input lin
e 2310.
LaTeX Encoding Info:    Redeclaring text command \WYNN (encoding TU) on input l
ine 2311.
LaTeX Encoding Info:    Redeclaring text command \textwynn (encoding TU) on inp
ut line 2312.
LaTeX Encoding Info:    Redeclaring text command \YOGH (encoding TU) on input l
ine 2353.
LaTeX Encoding Info:    Redeclaring text command \yogh (encoding TU) on input l
ine 2354.
LaTeX Encoding Info:    Redeclaring text command \textctd (encoding TU) on inpu
t line 2361.
LaTeX Encoding Info:    Redeclaring text command \textcommatailz (encoding TU) 
on input line 2366.
LaTeX Encoding Info:    Redeclaring text command \textctl (encoding TU) on inpu
t line 2392.
LaTeX Encoding Info:    Redeclaring text command \textctn (encoding TU) on inpu
t line 2394.
LaTeX Encoding Info:    Redeclaring text command \textctt (encoding TU) on inpu
t line 2396.
LaTeX Encoding Info:    Redeclaring text command \textdotlessj (encoding TU) on
 input line 2397.
LaTeX Encoding Info:    Redeclaring text command \textdblig (encoding TU) on in
put line 2398.
LaTeX Encoding Info:    Redeclaring text command \textqplig (encoding TU) on in
put line 2399.
LaTeX Encoding Info:    Redeclaring text command \textstrokea (encoding TU) on 
input line 2400.
LaTeX Encoding Info:    Redeclaring text command \textstrokecapitalc (encoding 
TU) on input line 2401.
LaTeX Encoding Info:    Redeclaring text command \textstrokec (encoding TU) on 
input line 2402.
LaTeX Encoding Info:    Redeclaring text command \textbarcapitall (encoding TU)
 on input line 2403.
LaTeX Encoding Info:    Redeclaring text command \textstrokecapitalt (encoding 
TU) on input line 2404.
LaTeX Encoding Info:    Redeclaring text command \textrts (encoding TU) on inpu
t line 2405.
LaTeX Encoding Info:    Redeclaring text command \textrtz (encoding TU) on inpu
t line 2406.
LaTeX Encoding Info:    Redeclaring text command \textglotstopvari (encoding TU
) on input line 2407.
LaTeX Encoding Info:    Redeclaring text command \textglotstopvarii (encoding T
U) on input line 2408.
LaTeX Encoding Info:    Redeclaring text command \textbarcapitalb (encoding TU)
 on input line 2409.
LaTeX Encoding Info:    Redeclaring text command \textbarcapitalu (encoding TU)
 on input line 2410.
LaTeX Encoding Info:    Redeclaring text command \textturnedcapitalv (encoding 
TU) on input line 2411.
LaTeX Encoding Info:    Redeclaring text command \textstrokecapitale (encoding 
TU) on input line 2412.
LaTeX Encoding Info:    Redeclaring text command \textstrokee (encoding TU) on 
input line 2413.
LaTeX Encoding Info:    Redeclaring text command \textbarcapitalj (encoding TU)
 on input line 2414.
LaTeX Encoding Info:    Redeclaring text command \textbarj (encoding TU) on inp
ut line 2415.
LaTeX Encoding Info:    Redeclaring text command \texthtcapitalq (encoding TU) 
on input line 2416.
LaTeX Encoding Info:    Redeclaring text command \texthtq (encoding TU) on inpu
t line 2417.
LaTeX Encoding Info:    Redeclaring text command \textbarcapitalr (encoding TU)
 on input line 2418.
LaTeX Encoding Info:    Redeclaring text command \textbarr (encoding TU) on inp
ut line 2419.
LaTeX Encoding Info:    Redeclaring text command \textbarcapitaly (encoding TU)
 on input line 2420.
LaTeX Encoding Info:    Redeclaring text command \textbary (encoding TU) on inp
ut line 2421.
LaTeX Encoding Info:    Redeclaring text command \textturna (encoding TU) on in
put line 2426.
LaTeX Encoding Info:    Redeclaring text command \textscripta (encoding TU) on 
input line 2428.
LaTeX Encoding Info:    Redeclaring text command \textturnscripta (encoding TU)
 on input line 2430.
LaTeX Encoding Info:    Redeclaring text command \texthtb (encoding TU) on inpu
t line 2433.
LaTeX Encoding Info:    Redeclaring text command \textbhook (encoding TU) on in
put line 2434.
LaTeX Encoding Info:    Redeclaring text command \textopeno (encoding TU) on in
put line 2436.
LaTeX Encoding Info:    Redeclaring text command \textoopen (encoding TU) on in
put line 2437.
LaTeX Encoding Info:    Redeclaring text command \textctc (encoding TU) on inpu
t line 2439.
LaTeX Encoding Info:    Redeclaring text command \textrtaild (encoding TU) on i
nput line 2441.
LaTeX Encoding Info:    Redeclaring text command \textdtail (encoding TU) on in
put line 2442.
LaTeX Encoding Info:    Redeclaring text command \texthtd (encoding TU) on inpu
t line 2444.
LaTeX Encoding Info:    Redeclaring text command \textdhook (encoding TU) on in
put line 2445.
LaTeX Encoding Info:    Redeclaring text command \textreve (encoding TU) on inp
ut line 2447.
LaTeX Encoding Info:    Redeclaring text command \schwa (encoding TU) on input 
line 2448.
LaTeX Encoding Info:    Redeclaring text command \textschwa (encoding TU) on in
put line 2449.
LaTeX Encoding Info:    Redeclaring text command \textrhookschwa (encoding TU) 
on input line 2452.
LaTeX Encoding Info:    Redeclaring text command \textepsilon (encoding TU) on 
input line 2454.
LaTeX Encoding Info:    Redeclaring text command \texteopen (encoding TU) on in
put line 2455.
LaTeX Encoding Info:    Redeclaring text command \textrevepsilon (encoding TU) 
on input line 2457.
LaTeX Encoding Info:    Redeclaring text command \textrhookrevepsilon (encoding
 TU) on input line 2460.
LaTeX Encoding Info:    Redeclaring text command \textcloserevepsilon (encoding
 TU) on input line 2462.
LaTeX Encoding Info:    Redeclaring text command \textbardotlessj (encoding TU)
 on input line 2464.
LaTeX Encoding Info:    Redeclaring text command \textObardotlessj (encoding TU
) on input line 2465.
LaTeX Encoding Info:    Redeclaring text command \texthtg (encoding TU) on inpu
t line 2467.
LaTeX Encoding Info:    Redeclaring text command \textscriptg (encoding TU) on 
input line 2469.
LaTeX Encoding Info:    Redeclaring text command \textscg (encoding TU) on inpu
t line 2472.
LaTeX Encoding Info:    Redeclaring text command \textbabygamma (encoding TU) o
n input line 2474.
LaTeX Encoding Info:    Redeclaring text command \textgammalatinsmall (encoding
 TU) on input line 2475.
LaTeX Encoding Info:    Redeclaring text command \textramshorns (encoding TU) o
n input line 2476.
LaTeX Encoding Info:    Redeclaring text command \textturnh (encoding TU) on in
put line 2478.
LaTeX Encoding Info:    Redeclaring text command \texthth (encoding TU) on inpu
t line 2481.
LaTeX Encoding Info:    Redeclaring text command \texththeng (encoding TU) on i
nput line 2483.
LaTeX Encoding Info:    Redeclaring text command \textbari (encoding TU) on inp
ut line 2485.
LaTeX Encoding Info:    Redeclaring text command \textiota (encoding TU) on inp
ut line 2487.
LaTeX Encoding Info:    Redeclaring text command \textiotalatin (encoding TU) o
n input line 2488.
LaTeX Encoding Info:    Redeclaring text command \textsci (encoding TU) on inpu
t line 2490.
LaTeX Encoding Info:    Redeclaring text command \textltilde (encoding TU) on i
nput line 2492.
LaTeX Encoding Info:    Redeclaring text command \textbeltl (encoding TU) on in
put line 2494.
LaTeX Encoding Info:    Redeclaring text command \textrtaill (encoding TU) on i
nput line 2496.
LaTeX Encoding Info:    Redeclaring text command \textlyoghlig (encoding TU) on
 input line 2498.
LaTeX Encoding Info:    Redeclaring text command \textOlyoghlig (encoding TU) o
n input line 2499.
LaTeX Encoding Info:    Redeclaring text command \textturnm (encoding TU) on in
put line 2501.
LaTeX Encoding Info:    Redeclaring text command \textturnmrleg (encoding TU) o
n input line 2503.
LaTeX Encoding Info:    Redeclaring text command \textltailm (encoding TU) on i
nput line 2505.
LaTeX Encoding Info:    Redeclaring text command \textltailn (encoding TU) on i
nput line 2507.
LaTeX Encoding Info:    Redeclaring text command \textnhookleft (encoding TU) o
n input line 2508.
LaTeX Encoding Info:    Redeclaring text command \textrtailn (encoding TU) on i
nput line 2510.
LaTeX Encoding Info:    Redeclaring text command \textscn (encoding TU) on inpu
t line 2512.
LaTeX Encoding Info:    Redeclaring text command \textbaro (encoding TU) on inp
ut line 2514.
LaTeX Encoding Info:    Redeclaring text command \textscoelig (encoding TU) on 
input line 2516.
LaTeX Encoding Info:    Redeclaring text command \textcloseomega (encoding TU) 
on input line 2518.
LaTeX Encoding Info:    Redeclaring text command \textphi (encoding TU) on inpu
t line 2519.
LaTeX Encoding Info:    Redeclaring text command \textturnr (encoding TU) on in
put line 2521.
LaTeX Encoding Info:    Redeclaring text command \textturnlonglegr (encoding TU
) on input line 2523.
LaTeX Encoding Info:    Redeclaring text command \textturnrrtail (encoding TU) 
on input line 2525.
LaTeX Encoding Info:    Redeclaring text command \textlonglegr (encoding TU) on
 input line 2527.
LaTeX Encoding Info:    Redeclaring text command \textrtailr (encoding TU) on i
nput line 2529.
LaTeX Encoding Info:    Redeclaring text command \textfishhookr (encoding TU) o
n input line 2531.
LaTeX Encoding Info:    Redeclaring text command \textlhti (encoding TU) on inp
ut line 2532.
LaTeX Encoding Info:    Redeclaring text command \textlhtlongi (encoding TU) on
 input line 2533.
LaTeX Encoding Info:    Redeclaring text command \textscr (encoding TU) on inpu
t line 2536.
LaTeX Encoding Info:    Redeclaring text command \textinvscr (encoding TU) on i
nput line 2538.
LaTeX Encoding Info:    Redeclaring text command \textrtails (encoding TU) on i
nput line 2540.
LaTeX Encoding Info:    Redeclaring text command \esh (encoding TU) on input li
ne 2542.
LaTeX Encoding Info:    Redeclaring text command \textesh (encoding TU) on inpu
t line 2543.
LaTeX Encoding Info:    Redeclaring text command \texthtbardotlessj (encoding T
U) on input line 2546.
LaTeX Encoding Info:    Redeclaring text command \texthtObardotlessj (encoding 
TU) on input line 2547.
LaTeX Encoding Info:    Redeclaring text command \texthtbardotlessjvar (encodin
g TU) on input line 2548.
LaTeX Encoding Info:    Redeclaring text command \textvibyi (encoding TU) on in
put line 2550.
LaTeX Encoding Info:    Redeclaring text command \textctesh (encoding TU) on in
put line 2553.
LaTeX Encoding Info:    Redeclaring text command \textturnt (encoding TU) on in
put line 2555.
LaTeX Encoding Info:    Redeclaring text command \textrtailt (encoding TU) on i
nput line 2557.
LaTeX Encoding Info:    Redeclaring text command \texttretroflexhook (encoding 
TU) on input line 2558.
LaTeX Encoding Info:    Redeclaring text command \textbaru (encoding TU) on inp
ut line 2560.
LaTeX Encoding Info:    Redeclaring text command \textscupsilon (encoding TU) o
n input line 2561.
LaTeX Encoding Info:    Redeclaring text command \textscriptv (encoding TU) on 
input line 2564.
LaTeX Encoding Info:    Redeclaring text command \textvhook (encoding TU) on in
put line 2565.
LaTeX Encoding Info:    Redeclaring text command \textturnv (encoding TU) on in
put line 2567.
LaTeX Encoding Info:    Redeclaring text command \textturnw (encoding TU) on in
put line 2569.
LaTeX Encoding Info:    Redeclaring text command \textturny (encoding TU) on in
put line 2571.
LaTeX Encoding Info:    Redeclaring text command \textscy (encoding TU) on inpu
t line 2573.
LaTeX Encoding Info:    Redeclaring text command \textrtailz (encoding TU) on i
nput line 2575.
LaTeX Encoding Info:    Redeclaring text command \textctz (encoding TU) on inpu
t line 2577.
LaTeX Encoding Info:    Redeclaring text command \ezh (encoding TU) on input li
ne 2579.
LaTeX Encoding Info:    Redeclaring text command \textezh (encoding TU) on inpu
t line 2580.
LaTeX Encoding Info:    Redeclaring text command \textyogh (encoding TU) on inp
ut line 2581.
LaTeX Encoding Info:    Redeclaring text command \textctyogh (encoding TU) on i
nput line 2583.
LaTeX Encoding Info:    Redeclaring text command \textglotstop (encoding TU) on
 input line 2584.
LaTeX Encoding Info:    Redeclaring text command \textrevglotstop (encoding TU)
 on input line 2585.
LaTeX Encoding Info:    Redeclaring text command \textinvglotstop (encoding TU)
 on input line 2586.
LaTeX Encoding Info:    Redeclaring text command \textstretchc (encoding TU) on
 input line 2587.
LaTeX Encoding Info:    Redeclaring text command \textstretchcvar (encoding TU)
 on input line 2588.
LaTeX Encoding Info:    Redeclaring text command \textbullseye (encoding TU) on
 input line 2589.
LaTeX Encoding Info:    Redeclaring text command \textObullseye (encoding TU) o
n input line 2590.
LaTeX Encoding Info:    Redeclaring text command \textscb (encoding TU) on inpu
t line 2592.
LaTeX Encoding Info:    Redeclaring text command \textcloseepsilon (encoding TU
) on input line 2594.
LaTeX Encoding Info:    Redeclaring text command \texthtscg (encoding TU) on in
put line 2596.
LaTeX Encoding Info:    Redeclaring text command \textsch (encoding TU) on inpu
t line 2598.
LaTeX Encoding Info:    Redeclaring text command \textctj (encoding TU) on inpu
t line 2600.
LaTeX Encoding Info:    Redeclaring text command \textctjvar (encoding TU) on i
nput line 2601.
LaTeX Encoding Info:    Redeclaring text command \textturnk (encoding TU) on in
put line 2603.
LaTeX Encoding Info:    Redeclaring text command \textscl (encoding TU) on inpu
t line 2605.
LaTeX Encoding Info:    Redeclaring text command \texthtq (encoding TU) on inpu
t line 2607.
LaTeX Encoding Info:    Redeclaring text command \textbarglotstop (encoding TU)
 on input line 2609.
LaTeX Encoding Info:    Redeclaring text command \textbarrevglotstop (encoding 
TU) on input line 2611.
LaTeX Encoding Info:    Redeclaring text command \textdzlig (encoding TU) on in
put line 2612.
LaTeX Encoding Info:    Redeclaring text command \textdyoghlig (encoding TU) on
 input line 2613.
LaTeX Encoding Info:    Redeclaring text command \textdctzlig (encoding TU) on 
input line 2614.
LaTeX Encoding Info:    Redeclaring text command \texttslig (encoding TU) on in
put line 2615.
LaTeX Encoding Info:    Redeclaring text command \textteshlig (encoding TU) on 
input line 2616.
LaTeX Encoding Info:    Redeclaring text command \texttesh (encoding TU) on inp
ut line 2617.
LaTeX Encoding Info:    Redeclaring text command \texttctclig (encoding TU) on 
input line 2618.
LaTeX Encoding Info:    Redeclaring text command \textfenglig (encoding TU) on 
input line 2619.
LaTeX Encoding Info:    Redeclaring text command \textlslig (encoding TU) on in
put line 2620.
LaTeX Encoding Info:    Redeclaring text command \textlzlig (encoding TU) on in
put line 2621.
LaTeX Encoding Info:    Redeclaring text command \textlhtlongy (encoding TU) on
 input line 2625.
LaTeX Encoding Info:    Redeclaring text command \textvibyy (encoding TU) on in
put line 2627.
LaTeX Encoding Info:    Redeclaring text command \textsuph (encoding TU) on inp
ut line 2630.
LaTeX Encoding Info:    Redeclaring text command \textsuphth (encoding TU) on i
nput line 2631.
LaTeX Encoding Info:    Redeclaring text command \textsupj (encoding TU) on inp
ut line 2632.
LaTeX Encoding Info:    Redeclaring text command \textsupr (encoding TU) on inp
ut line 2633.
LaTeX Encoding Info:    Redeclaring text command \textsupturnr (encoding TU) on
 input line 2634.
LaTeX Encoding Info:    Redeclaring text command \textsupturnrrtail (encoding T
U) on input line 2635.
LaTeX Encoding Info:    Redeclaring text command \textsupinvscr (encoding TU) o
n input line 2636.
LaTeX Encoding Info:    Redeclaring text command \textsupw (encoding TU) on inp
ut line 2637.
LaTeX Encoding Info:    Redeclaring text command \textsupy (encoding TU) on inp
ut line 2638.
LaTeX Encoding Info:    Redeclaring text command \cprime (encoding TU) on input
 line 2639.
LaTeX Encoding Info:    Redeclaring text command \textceltpal (encoding TU) on 
input line 2640.
LaTeX Encoding Info:    Redeclaring text command \cdprime (encoding TU) on inpu
t line 2642.
LaTeX Encoding Info:    Redeclaring text command \textturncomma (encoding TU) o
n input line 2643.
LaTeX Encoding Info:    Redeclaring text command \rasp (encoding TU) on input l
ine 2644.
LaTeX Encoding Info:    Redeclaring text command \lasp (encoding TU) on input l
ine 2645.
LaTeX Encoding Info:    Redeclaring text command \textrevapostrophe (encoding T
U) on input line 2646.
LaTeX Encoding Info:    Redeclaring text command \texthamza (encoding TU) on in
put line 2647.
LaTeX Encoding Info:    Redeclaring text command \textain (encoding TU) on inpu
t line 2648.
LaTeX Encoding Info:    Redeclaring text command \textraiseglotstop (encoding T
U) on input line 2649.
LaTeX Encoding Info:    Redeclaring text command \textraiserevglotstop (encodin
g TU) on input line 2650.
LaTeX Encoding Info:    Redeclaring text command \textlptr (encoding TU) on inp
ut line 2651.
LaTeX Encoding Info:    Redeclaring text command \textrptr (encoding TU) on inp
ut line 2652.
LaTeX Encoding Info:    Redeclaring text command \textuptr (encoding TU) on inp
ut line 2653.
LaTeX Encoding Info:    Redeclaring text command \textdptr (encoding TU) on inp
ut line 2654.
LaTeX Encoding Info:    Redeclaring text command \textcircumaccent (encoding TU
) on input line 2655.
LaTeX Encoding Info:    Redeclaring text command \textasciicaron (encoding TU) 
on input line 2656.
LaTeX Encoding Info:    Redeclaring text command \textcaronaccent (encoding TU)
 on input line 2657.
LaTeX Encoding Info:    Redeclaring text command \textprimstress (encoding TU) 
on input line 2658.
LaTeX Encoding Info:    Redeclaring text command \textmacronaccent (encoding TU
) on input line 2659.
LaTeX Encoding Info:    Redeclaring text command \textmacron (encoding TU) on i
nput line 2660.
LaTeX Encoding Info:    Redeclaring text command \textacuteaccent (encoding TU)
 on input line 2661.
LaTeX Encoding Info:    Redeclaring text command \textacute (encoding TU) on in
put line 2662.
LaTeX Encoding Info:    Redeclaring text command \textgraveaccent (encoding TU)
 on input line 2663.
LaTeX Encoding Info:    Redeclaring text command \textgrave (encoding TU) on in
put line 2664.
LaTeX Encoding Info:    Redeclaring text command \textsecstress (encoding TU) o
n input line 2665.
LaTeX Encoding Info:    Redeclaring text command \textlowmacron (encoding TU) o
n input line 2666.
LaTeX Encoding Info:    Redeclaring text command \textlowgrave (encoding TU) on
 input line 2667.
LaTeX Encoding Info:    Redeclaring text command \textlowacute (encoding TU) on
 input line 2668.
LaTeX Encoding Info:    Redeclaring text command \textlengthmark (encoding TU) 
on input line 2670.
LaTeX Encoding Info:    Redeclaring text command \texthalflength (encoding TU) 
on input line 2671.
LaTeX Encoding Info:    Redeclaring text command \textrhalfring (encoding TU) o
n input line 2672.
LaTeX Encoding Info:    Redeclaring text command \textlhalfring (encoding TU) o
n input line 2673.
LaTeX Encoding Info:    Redeclaring text command \textraised (encoding TU) on i
nput line 2674.
LaTeX Encoding Info:    Redeclaring text command \textlowered (encoding TU) on 
input line 2675.
LaTeX Encoding Info:    Redeclaring text command \textadvanced (encoding TU) on
 input line 2676.
LaTeX Encoding Info:    Redeclaring text command \textretracted (encoding TU) o
n input line 2677.
LaTeX Encoding Info:    Redeclaring text command \textbreveaccent (encoding TU)
 on input line 2678.
LaTeX Encoding Info:    Redeclaring text command \textbreve (encoding TU) on in
put line 2679.
LaTeX Encoding Info:    Redeclaring text command \textasciibreve (encoding TU) 
on input line 2680.
LaTeX Encoding Info:    Redeclaring text command \textdotabove (encoding TU) on
 input line 2681.
LaTeX Encoding Info:    Redeclaring text command \textdotaccent (encoding TU) o
n input line 2682.
LaTeX Encoding Info:    Redeclaring text command \textringabove (encoding TU) o
n input line 2683.
LaTeX Encoding Info:    Redeclaring text command \textringaccent (encoding TU) 
on input line 2684.
LaTeX Encoding Info:    Redeclaring text command \textcedillaaccent (encoding T
U) on input line 2685.
LaTeX Encoding Info:    Redeclaring text command \textogonek (encoding TU) on i
nput line 2686.
LaTeX Encoding Info:    Redeclaring text command \texttildeaccent (encoding TU)
 on input line 2687.
LaTeX Encoding Info:    Redeclaring text command \textsmalltilde (encoding TU) 
on input line 2688.
LaTeX Encoding Info:    Redeclaring text command \textacutedbl (encoding TU) on
 input line 2689.
LaTeX Encoding Info:    Redeclaring text command \textdoubleacute (encoding TU)
 on input line 2690.
LaTeX Encoding Info:    Redeclaring text command \textrhoticity (encoding TU) o
n input line 2691.
LaTeX Encoding Info:    Redeclaring text command \ipacrossaccent (encoding TU) 
on input line 2692.
LaTeX Encoding Info:    Redeclaring text command \ipasupgamma (encoding TU) on 
input line 2693.
LaTeX Encoding Info:    Redeclaring text command \ipasupl (encoding TU) on inpu
t line 2694.
LaTeX Encoding Info:    Redeclaring text command \ipasups (encoding TU) on inpu
t line 2695.
LaTeX Encoding Info:    Redeclaring text command \ipasupx (encoding TU) on inpu
t line 2696.
LaTeX Encoding Info:    Redeclaring text command \ipasuprerglotstpp (encoding T
U) on input line 2697.
LaTeX Encoding Info:    Redeclaring text command \tonebar (encoding TU) on inpu
t line 2789.
LaTeX Encoding Info:    Redeclaring text command \stonebar (encoding TU) on inp
ut line 2791.
LaTeX Encoding Info:    Redeclaring text command \rtonebar (encoding TU) on inp
ut line 2793.
LaTeX Encoding Info:    Redeclaring text command \tonebarextrahigh (encoding TU
) on input line 2794.
LaTeX Encoding Info:    Redeclaring text command \tonebarhigh (encoding TU) on 
input line 2798.
LaTeX Encoding Info:    Redeclaring text command \tonebarmiddle (encoding TU) o
n input line 2802.
LaTeX Encoding Info:    Redeclaring text command \tonebarmid (encoding TU) on i
nput line 2803.
LaTeX Encoding Info:    Redeclaring text command \tonebarlow (encoding TU) on i
nput line 2807.
LaTeX Encoding Info:    Redeclaring text command \tonebarextralow (encoding TU)
 on input line 2811.
LaTeX Encoding Info:    Redeclaring text command \tonebaryindeparting (encoding
 TU) on input line 2815.
LaTeX Encoding Info:    Redeclaring text command \tonebaryangdeparting (encodin
g TU) on input line 2816.
LaTeX Encoding Info:    Redeclaring text command \ipavoicing (encoding TU) on i
nput line 2818.
LaTeX Encoding Info:    Redeclaring text command \ipaunaspirated (encoding TU) 
on input line 2819.
LaTeX Encoding Info:    Redeclaring text command \textAlpha (encoding TU) on in
put line 2885.
LaTeX Encoding Info:    Redeclaring text command \textBeta (encoding TU) on inp
ut line 2886.
LaTeX Encoding Info:    Redeclaring text command \textGamma (encoding TU) on in
put line 2887.
LaTeX Encoding Info:    Redeclaring text command \textDelta (encoding TU) on in
put line 2888.
LaTeX Encoding Info:    Redeclaring text command \textEpsilon (encoding TU) on 
input line 2889.
LaTeX Encoding Info:    Redeclaring text command \textZeta (encoding TU) on inp
ut line 2890.
LaTeX Encoding Info:    Redeclaring text command \textEta (encoding TU) on inpu
t line 2891.
LaTeX Encoding Info:    Redeclaring text command \textTheta (encoding TU) on in
put line 2892.
LaTeX Encoding Info:    Redeclaring text command \textIota (encoding TU) on inp
ut line 2893.
LaTeX Encoding Info:    Redeclaring text command \textKappa (encoding TU) on in
put line 2894.
LaTeX Encoding Info:    Redeclaring text command \textLambda (encoding TU) on i
nput line 2895.
LaTeX Encoding Info:    Redeclaring text command \textMu (encoding TU) on input
 line 2896.
LaTeX Encoding Info:    Redeclaring text command \textNu (encoding TU) on input
 line 2897.
LaTeX Encoding Info:    Redeclaring text command \textXi (encoding TU) on input
 line 2898.
LaTeX Encoding Info:    Redeclaring text command \textOmicron (encoding TU) on 
input line 2899.
LaTeX Encoding Info:    Redeclaring text command \textPi (encoding TU) on input
 line 2900.
LaTeX Encoding Info:    Redeclaring text command \textRho (encoding TU) on inpu
t line 2901.
LaTeX Encoding Info:    Redeclaring text command \textSigma (encoding TU) on in
put line 2903.
LaTeX Encoding Info:    Redeclaring text command \textTau (encoding TU) on inpu
t line 2904.
LaTeX Encoding Info:    Redeclaring text command \textUpsilon (encoding TU) on 
input line 2905.
LaTeX Encoding Info:    Redeclaring text command \textPhi (encoding TU) on inpu
t line 2906.
LaTeX Encoding Info:    Redeclaring text command \textChi (encoding TU) on inpu
t line 2907.
LaTeX Encoding Info:    Redeclaring text command \textPsi (encoding TU) on inpu
t line 2908.
LaTeX Encoding Info:    Redeclaring text command \textOmega (encoding TU) on in
put line 2909.
LaTeX Encoding Info:    Redeclaring text command \textalpha (encoding TU) on in
put line 2911.
LaTeX Encoding Info:    Redeclaring text command \textbeta (encoding TU) on inp
ut line 2912.
LaTeX Encoding Info:    Redeclaring text command \textgrgamma (encoding TU) on 
input line 2913.
LaTeX Encoding Info:    Redeclaring text command \textdelta (encoding TU) on in
put line 2914.
LaTeX Encoding Info:    Redeclaring text command \textzeta (encoding TU) on inp
ut line 2916.
LaTeX Encoding Info:    Redeclaring text command \texteta (encoding TU) on inpu
t line 2917.
LaTeX Encoding Info:    Redeclaring text command \texttheta (encoding TU) on in
put line 2918.
LaTeX Encoding Info:    Redeclaring text command \textgriota (encoding TU) on i
nput line 2919.
LaTeX Encoding Info:    Redeclaring text command \textkappa (encoding TU) on in
put line 2920.
LaTeX Encoding Info:    Redeclaring text command \textlambda (encoding TU) on i
nput line 2921.
LaTeX Encoding Info:    Redeclaring text command \textmu (encoding TU) on input
 line 2922.
LaTeX Encoding Info:    Redeclaring text command \textnu (encoding TU) on input
 line 2923.
LaTeX Encoding Info:    Redeclaring text command \textxi (encoding TU) on input
 line 2924.
LaTeX Encoding Info:    Redeclaring text command \textomicron (encoding TU) on 
input line 2925.
LaTeX Encoding Info:    Redeclaring text command \textpi (encoding TU) on input
 line 2926.
LaTeX Encoding Info:    Redeclaring text command \textrho (encoding TU) on inpu
t line 2927.
LaTeX Encoding Info:    Redeclaring text command \textgrsigma (encoding TU) on 
input line 2928.
LaTeX Encoding Info:    Redeclaring text command \textsigma (encoding TU) on in
put line 2929.
LaTeX Encoding Info:    Redeclaring text command \texttau (encoding TU) on inpu
t line 2930.
LaTeX Encoding Info:    Redeclaring text command \textupsilon (encoding TU) on 
input line 2931.
LaTeX Encoding Info:    Redeclaring text command \textgrphi (encoding TU) on in
put line 2932.
LaTeX Encoding Info:    Redeclaring text command \textchi (encoding TU) on inpu
t line 2933.
LaTeX Encoding Info:    Redeclaring text command \textpsi (encoding TU) on inpu
t line 2934.
LaTeX Encoding Info:    Redeclaring text command \textomega (encoding TU) on in
put line 2935.
LaTeX Encoding Info:    Redeclaring text command \textsoftsign (encoding TU) on
 input line 2937.
LaTeX Encoding Info:    Redeclaring text command \texthardsign (encoding TU) on
 input line 2938.
LaTeX Encoding Info:    Redeclaring text command \textalef (encoding TU) on inp
ut line 2940.
LaTeX Encoding Info:    Redeclaring text command \textbet (encoding TU) on inpu
t line 2941.
LaTeX Encoding Info:    Redeclaring text command \textgimel (encoding TU) on in
put line 2942.
LaTeX Encoding Info:    Redeclaring text command \textdalet (encoding TU) on in
put line 2943.
LaTeX Encoding Info:    Redeclaring text command \textbaht (encoding TU) on inp
ut line 2945.
LaTeX Encoding Info:    Redeclaring text command \textsca (encoding TU) on inpu
t line 2947.
LaTeX Encoding Info:    Redeclaring text command \textsce (encoding TU) on inpu
t line 2954.
LaTeX Encoding Info:    Redeclaring text command \textscj (encoding TU) on inpu
t line 2957.
LaTeX Encoding Info:    Redeclaring text command \textsck (encoding TU) on inpu
t line 2958.
LaTeX Encoding Info:    Redeclaring text command \textscm (encoding TU) on inpu
t line 2960.
LaTeX Encoding Info:    Redeclaring text command \textscp (encoding TU) on inpu
t line 2971.
LaTeX Encoding Info:    Redeclaring text command \textrevscr (encoding TU) on i
nput line 2972.
LaTeX Encoding Info:    Redeclaring text command \textsct (encoding TU) on inpu
t line 2974.
LaTeX Encoding Info:    Redeclaring text command \textscu (encoding TU) on inpu
t line 2975.
LaTeX Encoding Info:    Redeclaring text command \textscv (encoding TU) on inpu
t line 2979.
LaTeX Encoding Info:    Redeclaring text command \textscw (encoding TU) on inpu
t line 2980.
LaTeX Encoding Info:    Redeclaring text command \textscz (encoding TU) on inpu
t line 2981.
LaTeX Encoding Info:    Redeclaring text command \textscezh (encoding TU) on in
put line 2982.
LaTeX Encoding Info:    Redeclaring text command \textain (encoding TU) on inpu
t line 2984.
LaTeX Encoding Info:    Redeclaring text command \textscgamma (encoding TU) on 
input line 2985.
LaTeX Encoding Info:    Redeclaring text command \textsclambda (encoding TU) on
 input line 2986.
LaTeX Encoding Info:    Redeclaring text command \textscpi (encoding TU) on inp
ut line 2987.
LaTeX Encoding Info:    Redeclaring text command \textscrho (encoding TU) on in
put line 2988.
LaTeX Encoding Info:    Redeclaring text command \textscpsi (encoding TU) on in
put line 2989.
LaTeX Encoding Info:    Redeclaring text command \textscel (encoding TU) on inp
ut line 2990.
LaTeX Encoding Info:    Redeclaring text command \textlhookb (encoding TU) on i
nput line 3071.
LaTeX Encoding Info:    Redeclaring text command \textlhookd (encoding TU) on i
nput line 3073.
LaTeX Encoding Info:    Redeclaring text command \textlhookf (encoding TU) on i
nput line 3075.
LaTeX Encoding Info:    Redeclaring text command \textlhookg (encoding TU) on i
nput line 3077.
LaTeX Encoding Info:    Redeclaring text command \textlhookk (encoding TU) on i
nput line 3079.
LaTeX Encoding Info:    Redeclaring text command \textlhookl (encoding TU) on i
nput line 3081.
LaTeX Encoding Info:    Redeclaring text command \textlhookm (encoding TU) on i
nput line 3083.
LaTeX Encoding Info:    Redeclaring text command \textlhookn (encoding TU) on i
nput line 3085.
LaTeX Encoding Info:    Redeclaring text command \textlhookp (encoding TU) on i
nput line 3087.
LaTeX Encoding Info:    Redeclaring text command \textlhookr (encoding TU) on i
nput line 3089.
LaTeX Encoding Info:    Redeclaring text command \textlhooks (encoding TU) on i
nput line 3091.
LaTeX Encoding Info:    Redeclaring text command \textlhookesh (encoding TU) on
 input line 3093.
LaTeX Encoding Info:    Redeclaring text command \textlhookv (encoding TU) on i
nput line 3095.
LaTeX Encoding Info:    Redeclaring text command \textlhookx (encoding TU) on i
nput line 3097.
LaTeX Encoding Info:    Redeclaring text command \textlhookz (encoding TU) on i
nput line 3099.
LaTeX Encoding Info:    Redeclaring text command \textrhooka (encoding TU) on i
nput line 3101.
LaTeX Encoding Info:    Redeclaring text command \textrhookalpha (encoding TU) 
on input line 3103.
LaTeX Encoding Info:    Redeclaring text command \texthtrtaild (encoding TU) on
 input line 3105.
LaTeX Encoding Info:    Redeclaring text command \textrhooke (encoding TU) on i
nput line 3107.
LaTeX Encoding Info:    Redeclaring text command \textrhookepsilon (encoding TU
) on input line 3110.
LaTeX Encoding Info:    Redeclaring text command \textrhookturne (encoding TU) 
on input line 3115.
LaTeX Encoding Info:    Redeclaring text command \textrhooki (encoding TU) on i
nput line 3117.
LaTeX Encoding Info:    Redeclaring text command \textrhookopeno (encoding TU) 
on input line 3119.
LaTeX Encoding Info:    Redeclaring text command \textrhookesh (encoding TU) on
 input line 3121.
LaTeX Encoding Info:    Redeclaring text command \textrhooku (encoding TU) on i
nput line 3123.
LaTeX Encoding Info:    Redeclaring text command \textrhookezh (encoding TU) on
 input line 3125.
LaTeX Encoding Info:    Redeclaring text command \textthreequartersemdash (enco
ding TU) on input line 3518.
LaTeX Encoding Info:    Redeclaring text command \textendash (encoding TU) on i
nput line 3519.
LaTeX Encoding Info:    Redeclaring text command \textemdash (encoding TU) on i
nput line 3520.
LaTeX Encoding Info:    Redeclaring text command \texttwelveudash (encoding TU)
 on input line 3521.
LaTeX Encoding Info:    Redeclaring text command \textbardbl (encoding TU) on i
nput line 3522.
LaTeX Encoding Info:    Redeclaring text command \textdoublevertline (encoding 
TU) on input line 3523.
LaTeX Encoding Info:    Redeclaring text command \textquoteleft (encoding TU) o
n input line 3525.
LaTeX Encoding Info:    Redeclaring text command \textquoteright (encoding TU) 
on input line 3526.
LaTeX Encoding Info:    Redeclaring text command \quotesinglbase (encoding TU) 
on input line 3527.
LaTeX Encoding Info:    Redeclaring text command \textquotestraightbase (encodi
ng TU) on input line 3528.
LaTeX Encoding Info:    Redeclaring text command \textquotedblleft (encoding TU
) on input line 3530.
LaTeX Encoding Info:    Redeclaring text command \textquotedblright (encoding T
U) on input line 3531.
LaTeX Encoding Info:    Redeclaring text command \quotedblbase (encoding TU) on
 input line 3532.
LaTeX Encoding Info:    Redeclaring text command \textquotestraightdblbase (enc
oding TU) on input line 3533.
LaTeX Encoding Info:    Redeclaring text command \textdagger (encoding TU) on i
nput line 3535.
LaTeX Encoding Info:    Redeclaring text command \textdaggerdbl (encoding TU) o
n input line 3536.
LaTeX Encoding Info:    Redeclaring text command \textbullet (encoding TU) on i
nput line 3537.
LaTeX Encoding Info:    Redeclaring text command \textellipsis (encoding TU) on
 input line 3538.
LaTeX Encoding Info:    Redeclaring text command \textperthousand (encoding TU)
 on input line 3539.
LaTeX Encoding Info:    Redeclaring text command \textpertenthousand (encoding 
TU) on input line 3540.
LaTeX Encoding Info:    Redeclaring text command \textpermille (encoding TU) on
 input line 3541.
LaTeX Encoding Info:    Redeclaring text command \textcaret (encoding TU) on in
put line 3542.
LaTeX Encoding Info:    Redeclaring text command \guilsinglleft (encoding TU) o
n input line 3543.
LaTeX Encoding Info:    Redeclaring text command \guilsinglright (encoding TU) 
on input line 3544.
LaTeX Encoding Info:    Redeclaring text command \textreferencemark (encoding T
U) on input line 3545.
LaTeX Encoding Info:    Redeclaring text command \textinterrobang (encoding TU)
 on input line 3547.
LaTeX Encoding Info:    Redeclaring text command \textbottomtiebar (encoding TU
) on input line 3548.
LaTeX Encoding Info:    Redeclaring text command \textasterism (encoding TU) on
 input line 3549.
LaTeX Encoding Info:    Redeclaring text command \textfractionsolidus (encoding
 TU) on input line 3550.
LaTeX Encoding Info:    Redeclaring text command \textlquill (encoding TU) on i
nput line 3551.
LaTeX Encoding Info:    Redeclaring text command \textrquill (encoding TU) on i
nput line 3552.
LaTeX Encoding Info:    Redeclaring text command \textdiscount (encoding TU) on
 input line 3557.
LaTeX Encoding Info:    Redeclaring text command \textcolonmonetary (encoding T
U) on input line 3611.
LaTeX Encoding Info:    Redeclaring text command \textlira (encoding TU) on inp
ut line 3614.
LaTeX Encoding Info:    Redeclaring text command \textnaira (encoding TU) on in
put line 3616.
LaTeX Encoding Info:    Redeclaring text command \textwon (encoding TU) on inpu
t line 3619.
LaTeX Encoding Info:    Redeclaring text command \textdong (encoding TU) on inp
ut line 3621.
LaTeX Encoding Info:    Redeclaring text command \texteuro (encoding TU) on inp
ut line 3622.
LaTeX Encoding Info:    Redeclaring text command \textpeso (encoding TU) on inp
ut line 3627.
LaTeX Encoding Info:    Redeclaring text command \textcelsius (encoding TU) on 
input line 3634.
LaTeX Encoding Info:    Redeclaring text command \textnumero (encoding TU) on i
nput line 3637.
LaTeX Encoding Info:    Redeclaring text command \textcircledP (encoding TU) on
 input line 3638.
LaTeX Encoding Info:    Redeclaring text command \textrecipe (encoding TU) on i
nput line 3639.
LaTeX Encoding Info:    Redeclaring text command \textservicemark (encoding TU)
 on input line 3640.
LaTeX Encoding Info:    Redeclaring text command \texttrademark (encoding TU) o
n input line 3641.
LaTeX Encoding Info:    Redeclaring text command \textohm (encoding TU) on inpu
t line 3643.
LaTeX Encoding Info:    Redeclaring text command \textmho (encoding TU) on inpu
t line 3644.
LaTeX Encoding Info:    Redeclaring text command \textestimated (encoding TU) o
n input line 3647.
LaTeX Encoding Info:    Redeclaring text command \textleftarrow (encoding TU) o
n input line 3680.
LaTeX Encoding Info:    Redeclaring text command \textuparrow (encoding TU) on 
input line 3681.
LaTeX Encoding Info:    Redeclaring text command \textupfullarrow (encoding TU)
 on input line 3683.
LaTeX Encoding Info:    Redeclaring text command \textrightarrow (encoding TU) 
on input line 3684.
LaTeX Encoding Info:    Redeclaring text command \textdownarrow (encoding TU) o
n input line 3685.
LaTeX Encoding Info:    Redeclaring text command \textdownfullarrow (encoding T
U) on input line 3687.
LaTeX Encoding Info:    Redeclaring text command \textleftrightarrow (encoding 
TU) on input line 3688.
LaTeX Encoding Info:    Redeclaring text command \textupdownarrow (encoding TU)
 on input line 3689.
LaTeX Encoding Info:    Redeclaring text command \textnwarrow (encoding TU) on 
input line 3690.
LaTeX Encoding Info:    Redeclaring text command \textglobrise (encoding TU) on
 input line 3691.
LaTeX Encoding Info:    Redeclaring text command \textnearrow (encoding TU) on 
input line 3692.
LaTeX Encoding Info:    Redeclaring text command \textsearrow (encoding TU) on 
input line 3693.
LaTeX Encoding Info:    Redeclaring text command \textglobfall (encoding TU) on
 input line 3694.
LaTeX Encoding Info:    Redeclaring text command \textswarrow (encoding TU) on 
input line 3695.
LaTeX Encoding Info:    Redeclaring text command \textminus (encoding TU) on in
put line 3697.
LaTeX Encoding Info:    Redeclaring text command \textsurd (encoding TU) on inp
ut line 3699.
LaTeX Encoding Info:    Redeclaring text command \textblank (encoding TU) on in
put line 3702.
LaTeX Encoding Info:    Redeclaring text command \textvisiblespace (encoding TU
) on input line 3703.
LaTeX Encoding Info:    Redeclaring text command \textopenbullet (encoding TU) 
on input line 3704.
LaTeX Encoding Info:    Redeclaring text command \textfemale (encoding TU) on i
nput line 3705.
LaTeX Encoding Info:    Redeclaring text command \textmusicalnote (encoding TU)
 on input line 3706.
LaTeX Encoding Info:    Redeclaring text command \textmarried (encoding TU) on 
input line 3707.
LaTeX Encoding Info:    Redeclaring text command \textdivorced (encoding TU) on
 input line 3708.
LaTeX Encoding Info:    Redeclaring text command \textuncrfemale (encoding TU) 
on input line 3709.
LaTeX Encoding Info:    Redeclaring text command \textlhookfour (encoding TU) o
n input line 3714.
LaTeX Encoding Info:    Redeclaring text command \textcapitalheng (encoding TU)
 on input line 3717.
LaTeX Encoding Info:    Redeclaring text command \textheng (encoding TU) on inp
ut line 3718.
LaTeX Encoding Info:    Redeclaring text command \textcapitaltzlig (encoding TU
) on input line 3720.
LaTeX Encoding Info:    Redeclaring text command \texttzlig (encoding TU) on in
put line 3721.
LaTeX Encoding Info:    Redeclaring text command \textcapitaltresillo (encoding
 TU) on input line 3722.
LaTeX Encoding Info:    Redeclaring text command \texttresillo (encoding TU) on
 input line 3723.
LaTeX Encoding Info:    Redeclaring text command \textscf (encoding TU) on inpu
t line 3724.
LaTeX Encoding Info:    Redeclaring text command \textscs (encoding TU) on inpu
t line 3725.
LaTeX Encoding Info:    Redeclaring text command \textcapitalaalig (encoding TU
) on input line 3726.
LaTeX Encoding Info:    Redeclaring text command \textaalig (encoding TU) on in
put line 3727.
LaTeX Encoding Info:    Redeclaring text command \textcapitalaolig (encoding TU
) on input line 3728.
LaTeX Encoding Info:    Redeclaring text command \textaolig (encoding TU) on in
put line 3729.
LaTeX Encoding Info:    Redeclaring text command \textcapitalaulig (encoding TU
) on input line 3730.
LaTeX Encoding Info:    Redeclaring text command \textaulig (encoding TU) on in
put line 3731.
LaTeX Encoding Info:    Redeclaring text command \textcapitalavlig (encoding TU
) on input line 3732.
LaTeX Encoding Info:    Redeclaring text command \textavlig (encoding TU) on in
put line 3733.
LaTeX Encoding Info:    Redeclaring text command \textbarcapitalavlig (encoding
 TU) on input line 3734.
LaTeX Encoding Info:    Redeclaring text command \textbaravlig (encoding TU) on
 input line 3735.
LaTeX Encoding Info:    Redeclaring text command \textcapitalaylig (encoding TU
) on input line 3736.
LaTeX Encoding Info:    Redeclaring text command \textaylig (encoding TU) on in
put line 3737.
LaTeX Encoding Info:    Redeclaring text command \textcapitalrevcdot (encoding 
TU) on input line 3738.
LaTeX Encoding Info:    Redeclaring text command \textrevcdot (encoding TU) on 
input line 3739.
LaTeX Encoding Info:    Redeclaring text command \textcapitalinsd (encoding TU)
 on input line 3741.
LaTeX Encoding Info:    Redeclaring text command \textinsd (encoding TU) on inp
ut line 3742.
LaTeX Encoding Info:    Redeclaring text command \textcapitalinsf (encoding TU)
 on input line 3743.
LaTeX Encoding Info:    Redeclaring text command \textinsf (encoding TU) on inp
ut line 3744.
LaTeX Encoding Info:    Redeclaring text command \textcapitalinsg (encoding TU)
 on input line 3745.
LaTeX Encoding Info:    Redeclaring text command \textcapitalturninsg (encoding
 TU) on input line 3746.
LaTeX Encoding Info:    Redeclaring text command \textturninsg (encoding TU) on
 input line 3747.
LaTeX Encoding Info:    Redeclaring text command \textcapitalturnl (encoding TU
) on input line 3748.
LaTeX Encoding Info:    Redeclaring text command \textturnl (encoding TU) on in
put line 3749.
LaTeX Encoding Info:    Redeclaring text command \textcapitalinsr (encoding TU)
 on input line 3750.
LaTeX Encoding Info:    Redeclaring text command \textinsr (encoding TU) on inp
ut line 3751.
LaTeX Encoding Info:    Redeclaring text command \textcapitalinss (encoding TU)
 on input line 3752.
LaTeX Encoding Info:    Redeclaring text command \textinss (encoding TU) on inp
ut line 3753.
LaTeX Encoding Info:    Redeclaring text command \textcapitalinst (encoding TU)
 on input line 3754.
LaTeX Encoding Info:    Redeclaring text command \textinst (encoding TU) on inp
ut line 3755.
LaTeX Encoding Info:    Redeclaring text command \textcapitalsaltillo (encoding
 TU) on input line 3756.
LaTeX Encoding Info:    Redeclaring text command \textsaltillo (encoding TU) on
 input line 3757.
) (/usr/local/texlive/2025/texmf-dist/tex/xelatex/xecjk/xunicode-extra.def
File: xunicode-extra.def 2022/08/05 v3.9.1 extra definition for xunicode
LaTeX Encoding Info:    Redeclaring text command \textsuperscript (encoding TU)
 on input line 37.
LaTeX Encoding Info:    Redeclaring text command \textsubscript (encoding TU) o
n input line 38.
LaTeX Encoding Info:    Redeclaring text command \textsbleftarrow (encoding TU)
 on input line 38.
LaTeX Encoding Info:    Redeclaring text command \` (encoding TU) on input line
 39.
LaTeX Encoding Info:    Redeclaring text command \capitalgrave (encoding TU) on
 input line 40.
LaTeX Encoding Info:    Redeclaring text command \' (encoding TU) on input line
 41.
LaTeX Encoding Info:    Redeclaring text command \capitalacute (encoding TU) on
 input line 42.
LaTeX Encoding Info:    Redeclaring text command \^ (encoding TU) on input line
 43.
LaTeX Encoding Info:    Redeclaring text command \capitalcircumflex (encoding T
U) on input line 44.
LaTeX Encoding Info:    Redeclaring text command \~ (encoding TU) on input line
 45.
LaTeX Encoding Info:    Redeclaring text command \capitaltilde (encoding TU) on
 input line 46.
LaTeX Encoding Info:    Redeclaring text command \= (encoding TU) on input line
 47.
LaTeX Encoding Info:    Redeclaring text command \capitalmacron (encoding TU) o
n input line 48.
LaTeX Encoding Info:    Redeclaring text command \textoverline (encoding TU) on
 input line 49.
LaTeX Encoding Info:    Redeclaring text command \u (encoding TU) on input line
 50.
LaTeX Encoding Info:    Redeclaring text command \capitalbreve (encoding TU) on
 input line 51.
LaTeX Encoding Info:    Redeclaring text command \. (encoding TU) on input line
 52.
LaTeX Encoding Info:    Redeclaring text command \capitaldotaccent (encoding TU
) on input line 53.
LaTeX Encoding Info:    Redeclaring text command \" (encoding TU) on input line
 54.
LaTeX Encoding Info:    Redeclaring text command \capitaldieresis (encoding TU)
 on input line 55.
LaTeX Encoding Info:    Redeclaring text command \m (encoding TU) on input line
 56.
LaTeX Encoding Info:    Redeclaring text command \texthookabove (encoding TU) o
n input line 57.
LaTeX Encoding Info:    Redeclaring text command \r (encoding TU) on input line
 58.
LaTeX Encoding Info:    Redeclaring text command \capitalring (encoding TU) on 
input line 59.
LaTeX Encoding Info:    Redeclaring text command \H (encoding TU) on input line
 60.
LaTeX Encoding Info:    Redeclaring text command \capitalhungarumlaut (encoding
 TU) on input line 61.
LaTeX Encoding Info:    Redeclaring text command \v (encoding TU) on input line
 62.
LaTeX Encoding Info:    Redeclaring text command \capitalcaron (encoding TU) on
 input line 63.
LaTeX Encoding Info:    Redeclaring text command \textvbaraccent (encoding TU) 
on input line 64.
LaTeX Encoding Info:    Redeclaring text command \textdoublevbaraccent (encodin
g TU) on input line 65.
LaTeX Encoding Info:    Redeclaring text command \U (encoding TU) on input line
 66.
LaTeX Encoding Info:    Redeclaring text command \textdoublegrave (encoding TU)
 on input line 67.
LaTeX Encoding Info:    Redeclaring text command \G (encoding TU) on input line
 68.
LaTeX Encoding Info:    Redeclaring text command \textdotbreve (encoding TU) on
 input line 69.
LaTeX Encoding Info:    Redeclaring text command \textroundcap (encoding TU) on
 input line 70.
LaTeX Encoding Info:    Redeclaring text command \newtie (encoding TU) on input
 line 71.
LaTeX Encoding Info:    Redeclaring text command \capitalnewtie (encoding TU) o
n input line 72.
LaTeX Encoding Info:    Redeclaring text command \textturncommaabove (encoding 
TU) on input line 73.
LaTeX Encoding Info:    Redeclaring text command \textcommaabove (encoding TU) 
on input line 74.
LaTeX Encoding Info:    Redeclaring text command \textrevcommaabove (encoding T
U) on input line 75.
LaTeX Encoding Info:    Redeclaring text command \overbridge (encoding TU) on i
nput line 76.
LaTeX Encoding Info:    Redeclaring text command \crtilde (encoding TU) on inpu
t line 77.
LaTeX Encoding Info:    Redeclaring text command \dottedtilde (encoding TU) on 
input line 78.
LaTeX Encoding Info:    Redeclaring text command \doubletilde (encoding TU) on 
input line 79.
LaTeX Encoding Info:    Redeclaring text command \textrightarrowhead (encoding 
TU) on input line 80.
LaTeX Encoding Info:    Redeclaring text command \textlefthalfring (encoding TU
) on input line 81.
LaTeX Encoding Info:    Redeclaring text command \textrighthalfring (encoding T
U) on input line 82.
LaTeX Encoding Info:    Redeclaring text command \textdoublebrevebelow (encodin
g TU) on input line 83.
LaTeX Encoding Info:    Redeclaring text command \textdoublebreve (encoding TU)
 on input line 84.
LaTeX Encoding Info:    Redeclaring text command \textdoublemacron (encoding TU
) on input line 85.
LaTeX Encoding Info:    Redeclaring text command \textdoublemacronbelow (encodi
ng TU) on input line 86.
LaTeX Encoding Info:    Redeclaring text command \textdoubletilde (encoding TU)
 on input line 87.
LaTeX Encoding Info:    Redeclaring text command \t (encoding TU) on input line
 88.
LaTeX Encoding Info:    Redeclaring text command \capitaltie (encoding TU) on i
nput line 89.
LaTeX Encoding Info:    Redeclaring text command \texttoptiebar (encoding TU) o
n input line 90.
LaTeX Encoding Info:    Redeclaring text command \sliding (encoding TU) on inpu
t line 91.
LaTeX Encoding Info:    Redeclaring text command \t (encoding TU) on input line
 92.
LaTeX Encoding Info:    Redeclaring text command \capitaltie (encoding TU) on i
nput line 93.
LaTeX Encoding Info:    Redeclaring text command \texttoptiebar (encoding TU) o
n input line 94.
LaTeX Encoding Info:    Redeclaring text command \sliding (encoding TU) on inpu
t line 95.
LaTeX Encoding Info:    Redeclaring text command \texthighrise (encoding TU) on
 input line 96.
LaTeX Encoding Info:    Redeclaring text command \textlowrise (encoding TU) on 
input line 97.
LaTeX Encoding Info:    Redeclaring text command \textrisefall (encoding TU) on
 input line 98.
LaTeX Encoding Info:    Redeclaring text command \textfallrise (encoding TU) on
 input line 99.
LaTeX Encoding Info:    Redeclaring text command \textaolig (encoding TU) on in
put line 100.
LaTeX Encoding Info:    Redeclaring text command \textgimel (encoding TU) on in
put line 107.
LaTeX Encoding Info:    Redeclaring text command \textbigcircle (encoding TU) o
n input line 112.
LaTeX Encoding Info:    Redeclaring text command \textlnot (encoding TU) on inp
ut line 273.
LaTeX Encoding Info:    Redeclaring text command \j (encoding TU) on input line
 304.
LaTeX Encoding Info:    Redeclaring text command \texttildelow (encoding TU) on
 input line 317.
LaTeX Encoding Info:    Redeclaring text command \textcompwordmark (encoding TU
) on input line 668.
LaTeX Encoding Info:    Redeclaring text command \textguarani (encoding TU) on 
input line 721.
LaTeX Encoding Info:    Redeclaring text command \textlangle (encoding TU) on i
nput line 1064.
LaTeX Encoding Info:    Redeclaring text command \textrangle (encoding TU) on i
nput line 1065.
LaTeX Encoding Info:    Redeclaring text command \textlbrackdbl (encoding TU) o
n input line 1269.
LaTeX Encoding Info:    Redeclaring text command \textrbrackdbl (encoding TU) o
n input line 1270.
LaTeX Encoding Info:    Redeclaring text command \textinterrobangdown (encoding
 TU) on input line 1406.
)
(/usr/local/texlive/2025/texmf-dist/tex/latex/xpatch/xpatch.sty
Package: xpatch 2020/03/25 v0.3a Extending etoolbox patching commands
)
(/usr/local/texlive/2025/texmf-dist/tex/latex/koma-script/scrextend.sty
Package: scrextend 2026/02/02 v3.49.2 KOMA-Script package (extend other classes
 with features of KOMA-Script classes)

(/usr/local/texlive/2025/texmf-dist/tex/latex/koma-script/scrkbase.sty
Package: scrkbase 2026/02/02 v3.49.2 KOMA-Script package (KOMA-Script-dependent
 basics and keyval usage)
)

LaTeX Warning: Command \@footnotemark  has changed.
               Check if current package is valid.

) (/usr/local/texlive/2025/texmf-dist/tex/latex/footmisc/footmisc.sty
Package: footmisc 2025/05/09 v7.0b a miscellany of footnote facilities
\FN@temptoken=\toks40
\footnotemargin=\dimen290

(/usr/local/texlive/2025/texmf-dist/tex/latex/bigfoot/perpage.sty
Package: perpage 2014/10/25 2.0 Reset/sort counters per page
\c@abspage=\count437
)
\c@pp@a@footnote=\count438
Package footmisc Info: Declaring symbol style bringhurst on input line 549.
Package footmisc Info: Declaring symbol style chicago on input line 557.
Package footmisc Info: Declaring symbol style wiley on input line 566.
Package footmisc Info: Declaring symbol style lamport-robust on input line 577.

Package footmisc Info: Declaring symbol style lamport* on input line 597.
Package footmisc Info: Declaring symbol style lamport*-robust on input line 618
.
)
(/usr/local/texlive/2025/texmf-dist/tex/latex/enumitem/enumitem.sty
Package: enumitem 2025/02/06 v3.11 Customized lists
\labelindent=\skip194
\enit@outerparindent=\dimen291
\enit@toks=\toks41
\enit@inbox=\box93
\enit@count@id=\count439
\enitdp@description=\count440
)
(/usr/local/texlive/2025/texmf-dist/tex/latex/threeparttable/threeparttable.sty
Package: threeparttable 2003/06/13  v 3.0
\@tempboxb=\box94
) (/usr/local/texlive/2025/texmf-dist/tex/latex/booktabs/booktabs.sty
Package: booktabs 2020/01/12 v1.61803398 Publication quality tables
\heavyrulewidth=\dimen292
\lightrulewidth=\dimen293
\cmidrulewidth=\dimen294
\belowrulesep=\dimen295
\belowbottomsep=\dimen296
\aboverulesep=\dimen297
\abovetopsep=\dimen298
\cmidrulesep=\dimen299
\cmidrulekern=\dimen300
\defaultaddspace=\dimen301
\@cmidla=\count441
\@cmidlb=\count442
\@aboverulesep=\dimen302
\@belowrulesep=\dimen303
\@thisruleclass=\count443
\@lastruleclass=\count444
\@thisrulewidth=\dimen304
)
(/usr/local/texlive/2025/texmf-dist/tex/latex/multirow/multirow.sty
Package: multirow 2024/11/12 v2.9 Span multiple rows of a table
\multirow@colwidth=\skip195
\multirow@cntb=\count445
\multirow@dima=\skip196
\bigstrutjot=\dimen305
)
(/usr/local/texlive/2025/texmf-dist/tex/latex/extarrows/extarrows.sty
Package: extarrows 2020/03/12 v1.2.0 Some extensible arrows
)
(/usr/local/texlive/2025/texmf-dist/tex/xelatex/mathspec/mathspec.sty
Package: mathspec 2016/12/22 v0.2b LaTeX Package (Mathematics font selection fo
r XeLaTeX)

(/usr/local/texlive/2025/texmf-dist/tex/generic/iftex/ifxetex.sty
Package: ifxetex 2019/10/25 v0.7 ifxetex legacy package. Use iftex instead.
)
\c@eu@=\count446
\c@eu@i=\count447
\c@mkern=\count448
)
(/usr/local/texlive/2025/texmf-dist/tex/generic/xint/xintfrac.sty
(/usr/local/texlive/2025/texmf-dist/tex/generic/xint/xint.sty
(/usr/local/texlive/2025/texmf-dist/tex/generic/xint/xintcore.sty
(/usr/local/texlive/2025/texmf-dist/tex/generic/xint/xintkernel.sty
Package: xintkernel 2025/09/06 v1.4o Paraphernalia for the xint packages (JFB)
\xint_c_x^v=\count449
\xint_c_x^viii=\count450
\xint_c_x^ix=\count451
\xint_c_x^viii_mone=\count452
\xint_c_nine_x^viii=\count453
\xint_c_xi_e_viii_mone=\count454
\xint_c_xii_e_viii=\count455
\xint_c_ii^xv=\count456
\xint_c_ii^xvi=\count457
\xint_c_ii^xxi=\count458
)
Package: xintcore 2025/09/06 v1.4o Expandable arithmetic on big integers (JFB)
)
Package: xint 2025/09/06 v1.4o Expandable operations on big integers (JFB)
)
Package: xintfrac 2025/09/06 v1.4o Expandable operations on fractions (JFB)
)
(/usr/local/texlive/2025/texmf-dist/tex/latex/psnfss/pifont.sty
Package: pifont 2020/03/25 PSNFSS-v9.3 Pi font support (SPQR) 
LaTeX Font Info:    Trying to load font information for U+pzd on input line 63.


(/usr/local/texlive/2025/texmf-dist/tex/latex/psnfss/upzd.fd
File: upzd.fd 2001/06/04 font definitions for U/pzd.
)
LaTeX Font Info:    Trying to load font information for U+psy on input line 64.


(/usr/local/texlive/2025/texmf-dist/tex/latex/psnfss/upsy.fd
File: upsy.fd 2001/06/04 font definitions for U/psy.
))
(/usr/local/texlive/2025/texmf-dist/tex/latex/textpos/textpos.sty
Package: textpos 2022/07/23 v1.10.1
Package textpos Info: choosing support for LaTeX3 on input line 60.
\TP@textbox=\box95
\TP@holdbox=\box96
\TPHorizModule=\dimen306
\TPVertModule=\dimen307
\TP@margin=\dimen308
\TP@absmargin=\dimen309

Grid set 16 x 16 = 38.39343pt x 49.68562pt
\TPboxrulesize=\dimen310
\TP@ox=\dimen311
\TP@oy=\dimen312
\TP@tbargs=\toks42
TextBlockOrigin set to 0pt x 0pt
) (/usr/local/texlive/2025/texmf-dist/tex/generic/xstring/xstring.sty
(/usr/local/texlive/2025/texmf-dist/tex/generic/xstring/xstring.tex
\xs_counta=\count459
\xs_countb=\count460
)
Package: xstring 2023/08/22 v1.86 String manipulations (CT)
)
(/usr/local/texlive/2025/texmf-dist/tex/latex/listings/listings.sty
\lst@mode=\count461
\lst@gtempboxa=\box97
\lst@token=\toks43
\lst@length=\count462
\lst@currlwidth=\dimen313
\lst@column=\count463
\lst@pos=\count464
\lst@lostspace=\dimen314
\lst@width=\dimen315
\lst@newlines=\count465
\lst@lineno=\count466
\lst@maxwidth=\dimen316

(/usr/local/texlive/2025/texmf-dist/tex/latex/listings/lstpatch.sty
File: lstpatch.sty 2025/11/14 1.11b (Carsten Heinz)
)
(/usr/local/texlive/2025/texmf-dist/tex/latex/listings/lstmisc.sty
File: lstmisc.sty 2025/11/14 1.11b (Carsten Heinz)
\c@lstnumber=\count467
\lst@skipnumbers=\count468
\lst@framebox=\box98
)
(/usr/local/texlive/2025/texmf-dist/tex/latex/listings/listings.cfg
File: listings.cfg 2025/11/14 1.11b listings configuration
))
Package: listings 2025/11/14 1.11b (Carsten Heinz)

(/usr/local/texlive/2025/texmf-dist/tex/xelatex/xecjk/xeCJK-listings.sty
Package: xeCJK-listings 2022/08/05 v3.9.1 xeCJK patch file for listings
\l__xeCJK_listings_max_char_int=\count469
\l__xeCJK_listings_flag_int=\count470
)
==> First Aid for listings.sty no longer applied!
    Expected:
        2024/09/23 1.10c (Carsten Heinz)
    but found:
        2025/11/14 1.11b (Carsten Heinz)
    so I'm assuming it got fixed.
(/usr/local/texlive/2025/texmf-dist/tex/latex/zref/zref-user.sty
Package: zref-user 2025-06-08 v2.36 Module user for zref (HO)

(/usr/local/texlive/2025/texmf-dist/tex/latex/zref/zref-base.sty
Package: zref-base 2025-06-08 v2.36 Module base for zref (HO)

(/usr/local/texlive/2025/texmf-dist/tex/generic/etexcmds/etexcmds.sty
Package: etexcmds 2019/12/15 v1.7 Avoid name clashes with e-TeX commands (HO)
)
(/usr/local/texlive/2025/texmf-dist/tex/latex/auxhook/auxhook.sty
Package: auxhook 2019-12-17 v1.6 Hooks for auxiliary files (HO)
)
Package zref Info: New property list: main on input line 767.
Package zref Info: New property: default on input line 768.
Package zref Info: New property: page on input line 769.
))
(/usr/local/texlive/2025/texmf-dist/tex/latex/zref/zref-abspage.sty
Package: zref-abspage 2025-06-08 v2.36 Module abspage for zref (HO)
Package zref Info: New property: abspage on input line 67.
)
(/usr/local/texlive/2025/texmf-dist/tex/latex/mhchem/mhchem.sty
Package: mhchem 2024/01/29 v4.10 for typesetting chemical formulae

(/usr/local/texlive/2025/texmf-dist/tex/latex/l3packages/l3keys2e/l3keys2e.sty
Package: l3keys2e 2025-10-09 LaTeX2e option processing using LaTeX3 keys
) (/usr/local/texlive/2025/texmf-dist/tex/latex/chemgreek/chemgreek.sty
Package: chemgreek 2020/01/16 v1.1a interface for upright Greek letters for use
 in chemistry (CN)
\l__chemgreek_tmpa_int=\count471
\g__chemgreek_tmpa_int=\count472
)
\l__mhchem_ce_distanceFromLastComma_int=\count473
\__mhchem_arrow_extPgfLength_skip=\skip197
\mhchem@minispace@tmp=\skip198
\mhchem@minibackspace@tmp=\skip199
\mhchem@bondwidth=\skip256
\mhchem@bondheight=\skip257
\mhchem@smallbondwidth@tmpA=\skip258
\mhchem@smallbondwidth@tmpB=\skip259
\mhchem@smallbondwidth=\skip260
\mhchem@bondtmp@minussidebearingleft=\skip261
\mhchem@bondtmp@minussidebearingright=\skip262
\l__mhchem_option_version_int=\count474
\mhchem@option@minusmathsidebearingleft=\dimen317
\mhchem@option@minusmathsidebearingright=\dimen318
\mhchem@option@minustextsidebearingleft=\dimen319
\mhchem@option@minustextsidebearingright=\dimen320


Package mhchem Warning: You did not specify a 'version' option for the mhchem
(mhchem)                package. Please write \usepackage[version=4]{mhchem}
(mhchem)                in your preamble (or any lower number for
(mhchem)                compatibility mode), because you might get slightly
(mhchem)                different output with the same input in future versions
.

) (/usr/local/texlive/2025/texmf-dist/tex/generic/chemfig/chemfig.sty
(/usr/local/texlive/2025/texmf-dist/tex/latex/pgf/frontendlayer/tikz.sty
(/usr/local/texlive/2025/texmf-dist/tex/latex/pgf/basiclayer/pgf.sty
(/usr/local/texlive/2025/texmf-dist/tex/latex/pgf/utilities/pgfrcs.sty
(/usr/local/texlive/2025/texmf-dist/tex/generic/pgf/utilities/pgfutil-common.te
x
\pgfutil@everybye=\toks44
\pgfutil@tempdima=\dimen321
\pgfutil@tempdimb=\dimen322
)
(/usr/local/texlive/2025/texmf-dist/tex/generic/pgf/utilities/pgfutil-latex.def
\pgfutil@abb=\box99
) (/usr/local/texlive/2025/texmf-dist/tex/generic/pgf/utilities/pgfrcs.code.tex
(/usr/local/texlive/2025/texmf-dist/tex/generic/pgf/pgf.revision.tex)
Package: pgfrcs 2025-08-29 v3.1.11a (3.1.11a)
))
Package: pgf 2025-08-29 v3.1.11a (3.1.11a)

(/usr/local/texlive/2025/texmf-dist/tex/latex/pgf/basiclayer/pgfcore.sty
(/usr/local/texlive/2025/texmf-dist/tex/latex/pgf/systemlayer/pgfsys.sty
(/usr/local/texlive/2025/texmf-dist/tex/generic/pgf/systemlayer/pgfsys.code.tex
Package: pgfsys 2025-08-29 v3.1.11a (3.1.11a)
(/usr/local/texlive/2025/texmf-dist/tex/generic/pgf/utilities/pgfkeys.code.tex
\pgfkeys@pathtoks=\toks45
\pgfkeys@temptoks=\toks46

(/usr/local/texlive/2025/texmf-dist/tex/generic/pgf/utilities/pgfkeyslibraryfil
tered.code.tex
\pgfkeys@tmptoks=\toks47
))
\pgf@x=\dimen323
\pgf@y=\dimen324
\pgf@xa=\dimen325
\pgf@ya=\dimen326
\pgf@xb=\dimen327
\pgf@yb=\dimen328
\pgf@xc=\dimen329
\pgf@yc=\dimen330
\pgf@xd=\dimen331
\pgf@yd=\dimen332
\w@pgf@writea=\write3
\r@pgf@reada=\read2
\c@pgf@counta=\count475
\c@pgf@countb=\count476
\c@pgf@countc=\count477
\c@pgf@countd=\count478
\t@pgf@toka=\toks48
\t@pgf@tokb=\toks49
\t@pgf@tokc=\toks50
\pgf@sys@id@count=\count479

(/usr/local/texlive/2025/texmf-dist/tex/generic/pgf/systemlayer/pgf.cfg
File: pgf.cfg 2025-08-29 v3.1.11a (3.1.11a)
)
Driver file for pgf: pgfsys-xetex.def

(/usr/local/texlive/2025/texmf-dist/tex/generic/pgf/systemlayer/pgfsys-xetex.de
f
File: pgfsys-xetex.def 2025-08-29 v3.1.11a (3.1.11a)

(/usr/local/texlive/2025/texmf-dist/tex/generic/pgf/systemlayer/pgfsys-dvipdfmx
.def
File: pgfsys-dvipdfmx.def 2025-08-29 v3.1.11a (3.1.11a)

(/usr/local/texlive/2025/texmf-dist/tex/generic/pgf/systemlayer/pgfsys-common-p
df.def
File: pgfsys-common-pdf.def 2025-08-29 v3.1.11a (3.1.11a)
)
\pgfsys@objnum=\count480
)))
(/usr/local/texlive/2025/texmf-dist/tex/generic/pgf/systemlayer/pgfsyssoftpath.
code.tex
File: pgfsyssoftpath.code.tex 2025-08-29 v3.1.11a (3.1.11a)
\pgfsyssoftpath@smallbuffer@items=\count481
\pgfsyssoftpath@bigbuffer@items=\count482
)
(/usr/local/texlive/2025/texmf-dist/tex/generic/pgf/systemlayer/pgfsysprotocol.
code.tex
File: pgfsysprotocol.code.tex 2025-08-29 v3.1.11a (3.1.11a)
))
(/usr/local/texlive/2025/texmf-dist/tex/generic/pgf/basiclayer/pgfcore.code.tex
Package: pgfcore 2025-08-29 v3.1.11a (3.1.11a)
(/usr/local/texlive/2025/texmf-dist/tex/generic/pgf/math/pgfmath.code.tex
(/usr/local/texlive/2025/texmf-dist/tex/generic/pgf/math/pgfmathutil.code.tex)
(/usr/local/texlive/2025/texmf-dist/tex/generic/pgf/math/pgfmathparser.code.tex
\pgfmath@dimen=\dimen333
\pgfmath@count=\count483
\pgfmath@box=\box100
\pgfmath@toks=\toks51
\pgfmath@stack@operand=\toks52
\pgfmath@stack@operation=\toks53
)
(/usr/local/texlive/2025/texmf-dist/tex/generic/pgf/math/pgfmathfunctions.code.
tex)
(/usr/local/texlive/2025/texmf-dist/tex/generic/pgf/math/pgfmathfunctions.basic
.code.tex)
(/usr/local/texlive/2025/texmf-dist/tex/generic/pgf/math/pgfmathfunctions.trigo
nometric.code.tex)
(/usr/local/texlive/2025/texmf-dist/tex/generic/pgf/math/pgfmathfunctions.rando
m.code.tex)
(/usr/local/texlive/2025/texmf-dist/tex/generic/pgf/math/pgfmathfunctions.compa
rison.code.tex)
(/usr/local/texlive/2025/texmf-dist/tex/generic/pgf/math/pgfmathfunctions.base.
code.tex)
(/usr/local/texlive/2025/texmf-dist/tex/generic/pgf/math/pgfmathfunctions.round
.code.tex)
(/usr/local/texlive/2025/texmf-dist/tex/generic/pgf/math/pgfmathfunctions.misc.
code.tex)
(/usr/local/texlive/2025/texmf-dist/tex/generic/pgf/math/pgfmathfunctions.integ
erarithmetics.code.tex)
(/usr/local/texlive/2025/texmf-dist/tex/generic/pgf/math/pgfmathcalc.code.tex)
(/usr/local/texlive/2025/texmf-dist/tex/generic/pgf/math/pgfmathfloat.code.tex
\c@pgfmathroundto@lastzeros=\count484
)) (/usr/local/texlive/2025/texmf-dist/tex/generic/pgf/math/pgfint.code.tex)
(/usr/local/texlive/2025/texmf-dist/tex/generic/pgf/basiclayer/pgfcorepoints.co
de.tex
File: pgfcorepoints.code.tex 2025-08-29 v3.1.11a (3.1.11a)
\pgf@picminx=\dimen334
\pgf@picmaxx=\dimen335
\pgf@picminy=\dimen336
\pgf@picmaxy=\dimen337
\pgf@pathminx=\dimen338
\pgf@pathmaxx=\dimen339
\pgf@pathminy=\dimen340
\pgf@pathmaxy=\dimen341
\pgf@xx=\dimen342
\pgf@xy=\dimen343
\pgf@yx=\dimen344
\pgf@yy=\dimen345
\pgf@zx=\dimen346
\pgf@zy=\dimen347
)
(/usr/local/texlive/2025/texmf-dist/tex/generic/pgf/basiclayer/pgfcorepathconst
ruct.code.tex
File: pgfcorepathconstruct.code.tex 2025-08-29 v3.1.11a (3.1.11a)
\pgf@path@lastx=\dimen348
\pgf@path@lasty=\dimen349
)
(/usr/local/texlive/2025/texmf-dist/tex/generic/pgf/basiclayer/pgfcorepathusage
.code.tex
File: pgfcorepathusage.code.tex 2025-08-29 v3.1.11a (3.1.11a)
\pgf@shorten@end@additional=\dimen350
\pgf@shorten@start@additional=\dimen351
)
(/usr/local/texlive/2025/texmf-dist/tex/generic/pgf/basiclayer/pgfcorescopes.co
de.tex
File: pgfcorescopes.code.tex 2025-08-29 v3.1.11a (3.1.11a)
\pgfpic=\box101
\pgf@hbox=\box102
\pgf@layerbox@main=\box103
\pgf@picture@serial@count=\count485
)
(/usr/local/texlive/2025/texmf-dist/tex/generic/pgf/basiclayer/pgfcoregraphicst
ate.code.tex
File: pgfcoregraphicstate.code.tex 2025-08-29 v3.1.11a (3.1.11a)
\pgflinewidth=\dimen352
)
(/usr/local/texlive/2025/texmf-dist/tex/generic/pgf/basiclayer/pgfcoretransform
ations.code.tex
File: pgfcoretransformations.code.tex 2025-08-29 v3.1.11a (3.1.11a)
\pgf@pt@x=\dimen353
\pgf@pt@y=\dimen354
\pgf@pt@temp=\dimen355
)
(/usr/local/texlive/2025/texmf-dist/tex/generic/pgf/basiclayer/pgfcorequick.cod
e.tex
File: pgfcorequick.code.tex 2025-08-29 v3.1.11a (3.1.11a)
)
(/usr/local/texlive/2025/texmf-dist/tex/generic/pgf/basiclayer/pgfcoreobjects.c
ode.tex
File: pgfcoreobjects.code.tex 2025-08-29 v3.1.11a (3.1.11a)
)
(/usr/local/texlive/2025/texmf-dist/tex/generic/pgf/basiclayer/pgfcorepathproce
ssing.code.tex
File: pgfcorepathprocessing.code.tex 2025-08-29 v3.1.11a (3.1.11a)
)
(/usr/local/texlive/2025/texmf-dist/tex/generic/pgf/basiclayer/pgfcorearrows.co
de.tex
File: pgfcorearrows.code.tex 2025-08-29 v3.1.11a (3.1.11a)
\pgfarrowsep=\dimen356
)
(/usr/local/texlive/2025/texmf-dist/tex/generic/pgf/basiclayer/pgfcoreshade.cod
e.tex
File: pgfcoreshade.code.tex 2025-08-29 v3.1.11a (3.1.11a)
\pgf@max=\dimen357
\pgf@sys@shading@range@num=\count486
\pgf@shadingcount=\count487
)
(/usr/local/texlive/2025/texmf-dist/tex/generic/pgf/basiclayer/pgfcoreimage.cod
e.tex
File: pgfcoreimage.code.tex 2025-08-29 v3.1.11a (3.1.11a)
)
(/usr/local/texlive/2025/texmf-dist/tex/generic/pgf/basiclayer/pgfcoreexternal.
code.tex
File: pgfcoreexternal.code.tex 2025-08-29 v3.1.11a (3.1.11a)
\pgfexternal@startupbox=\box104
)
(/usr/local/texlive/2025/texmf-dist/tex/generic/pgf/basiclayer/pgfcorelayers.co
de.tex
File: pgfcorelayers.code.tex 2025-08-29 v3.1.11a (3.1.11a)
)
(/usr/local/texlive/2025/texmf-dist/tex/generic/pgf/basiclayer/pgfcoretranspare
ncy.code.tex
File: pgfcoretransparency.code.tex 2025-08-29 v3.1.11a (3.1.11a)
)
(/usr/local/texlive/2025/texmf-dist/tex/generic/pgf/basiclayer/pgfcorepatterns.
code.tex
File: pgfcorepatterns.code.tex 2025-08-29 v3.1.11a (3.1.11a)
)
(/usr/local/texlive/2025/texmf-dist/tex/generic/pgf/basiclayer/pgfcorerdf.code.
tex
File: pgfcorerdf.code.tex 2025-08-29 v3.1.11a (3.1.11a)
)))
(/usr/local/texlive/2025/texmf-dist/tex/generic/pgf/modules/pgfmoduleshapes.cod
e.tex
File: pgfmoduleshapes.code.tex 2025-08-29 v3.1.11a (3.1.11a)
\pgfnodeparttextbox=\box105
)
(/usr/local/texlive/2025/texmf-dist/tex/generic/pgf/modules/pgfmoduleplot.code.
tex
File: pgfmoduleplot.code.tex 2025-08-29 v3.1.11a (3.1.11a)
)
(/usr/local/texlive/2025/texmf-dist/tex/latex/pgf/compatibility/pgfcomp-version
-0-65.sty
Package: pgfcomp-version-0-65 2025-08-29 v3.1.11a (3.1.11a)
\pgf@nodesepstart=\dimen358
\pgf@nodesepend=\dimen359
)
(/usr/local/texlive/2025/texmf-dist/tex/latex/pgf/compatibility/pgfcomp-version
-1-18.sty
Package: pgfcomp-version-1-18 2025-08-29 v3.1.11a (3.1.11a)
))
(/usr/local/texlive/2025/texmf-dist/tex/latex/pgf/utilities/pgffor.sty
(/usr/local/texlive/2025/texmf-dist/tex/latex/pgf/utilities/pgfkeys.sty
(/usr/local/texlive/2025/texmf-dist/tex/generic/pgf/utilities/pgfkeys.code.tex)
) (/usr/local/texlive/2025/texmf-dist/tex/latex/pgf/math/pgfmath.sty
(/usr/local/texlive/2025/texmf-dist/tex/generic/pgf/math/pgfmath.code.tex))
(/usr/local/texlive/2025/texmf-dist/tex/generic/pgf/utilities/pgffor.code.tex
Package: pgffor 2025-08-29 v3.1.11a (3.1.11a)
\pgffor@iter=\dimen360
\pgffor@skip=\dimen361
\pgffor@stack=\toks54
\pgffor@toks=\toks55
))
(/usr/local/texlive/2025/texmf-dist/tex/generic/pgf/frontendlayer/tikz/tikz.cod
e.tex
Package: tikz 2025-08-29 v3.1.11a (3.1.11a)

(/usr/local/texlive/2025/texmf-dist/tex/generic/pgf/libraries/pgflibraryplothan
dlers.code.tex
File: pgflibraryplothandlers.code.tex 2025-08-29 v3.1.11a (3.1.11a)
\pgf@plot@mark@count=\count488
\pgfplotmarksize=\dimen362
)
\tikz@lastx=\dimen363
\tikz@lasty=\dimen364
\tikz@lastxsaved=\dimen365
\tikz@lastysaved=\dimen366
\tikz@lastmovetox=\dimen367
\tikz@lastmovetoy=\dimen368
\tikzleveldistance=\dimen369
\tikzsiblingdistance=\dimen370
\tikz@figbox=\box106
\tikz@figbox@bg=\box107
\tikz@tempbox=\box108
\tikz@tempbox@bg=\box109
\tikztreelevel=\count489
\tikznumberofchildren=\count490
\tikznumberofcurrentchild=\count491
\tikz@fig@count=\count492

(/usr/local/texlive/2025/texmf-dist/tex/generic/pgf/modules/pgfmodulematrix.cod
e.tex
File: pgfmodulematrix.code.tex 2025-08-29 v3.1.11a (3.1.11a)
\pgfmatrixcurrentrow=\count493
\pgfmatrixcurrentcolumn=\count494
\pgf@matrix@numberofcolumns=\count495
)
\tikz@expandcount=\count496

(/usr/local/texlive/2025/texmf-dist/tex/generic/pgf/frontendlayer/tikz/librarie
s/tikzlibrarytopaths.code.tex
File: tikzlibrarytopaths.code.tex 2025-08-29 v3.1.11a (3.1.11a)
)))
(/usr/local/texlive/2025/texmf-dist/tex/generic/chemfig/chemfig.tex
(/usr/local/texlive/2025/texmf-dist/tex/generic/simplekv/simplekv.tex
Package: simplekv 2025/06/15 v0.32 Simple keyval package (CT)
)
(/usr/local/texlive/2025/texmf-dist/tex/generic/pgf/libraries/pgflibraryarrows.
meta.code.tex
File: pgflibraryarrows.meta.code.tex 2025-08-29 v3.1.11a (3.1.11a)
\pgfarrowinset=\dimen371
\pgfarrowlength=\dimen372
\pgfarrowwidth=\dimen373
\pgfarrowlinewidth=\dimen374
)
\CF_cnt_atomgroup=\count497
\CF_cnt_group=\count498
\CF_cnt_atom=\count499
\CF_cnt_cycle=\count500
\CF_cnt_cyclebonds=\count501
\CF_cnt_compound=\count502
\CF_dim=\dimen375
\CF_turnangle=\dimen376
\CF_arrowsize=\dimen377
\CF_zero=\dimen378
\CF_box=\box110
\CF_boxstuff=\box111
\CF_testbox=\box112
\CF_chargebox=\box113
\CF_substtoks=\toks56
\CF_harrow_boxup=\box114
\CF_harrow_boxdown=\box115
\CF_hreact_cnt=\count503
)
Package: chemfig 2025/10/30 v1.71 Draw molecule with an easy syntax (CT)
)
(/usr/local/texlive/2025/texmf-dist/tex/latex/datetime/datetime.sty
Package: datetime 2015/03/20 v2.60 Date Time Package

(/usr/local/texlive/2025/texmf-dist/tex/latex/fmtcount/fmtcount.sty
Package: fmtcount 2025/12/02 v3.12 Displaying the values of LaTeX counters (NT,
VB,NE)

(/usr/local/texlive/2025/texmf-dist/tex/latex/fmtcount/fcprefix.sty
Package: fcprefix 2012/09/28

(/usr/local/texlive/2025/texmf-dist/tex/latex/fmtcount/fcnumparser.sty
Package: fcnumparser 2017/06/15
\fc@digit@counter=\count504
))
\c@padzeroesN=\count505
\fc@tmpcatcode=\count506
\@DT@modctr=\count507
\@ordinalctr=\count508
\@orgargctr=\count509
\@strctr=\count510
\@tmpstrctr=\count511
\@DT@loopN=\count512
\@DT@X=\count513
)
(/usr/local/texlive/2025/texmf-dist/tex/latex/datetime/datetime-defaults.sty
Package: datetime-defaults 2013/09/10
)
\@day=\count514
\@month=\count515
\@year=\count516
\c@HOUR=\count517
\c@HOURXII=\count518
\c@MINUTE=\count519
\c@TOHOUR=\count520
\c@TOMINUTE=\count521
\c@SECOND=\count522
\currenthour=\count523
\currentminute=\count524
\currentsecond=\count525
Package datetime Info: No datetime.cfg file found, using default settings on in
put line 308.
\@dtctr=\count526
\dayofyear=\count527
\dayofweek=\count528
LaTeX Info: Redefining \today on input line 736.
\dt@a=\toks57
\dt@b=\toks58
)
(/usr/local/texlive/2025/texmf-dist/tex/latex/boxedminipage/boxedminipage.sty
Package: boxedminipage 2020/04/19 v1.1 Boxed LaTeX2e minipages
\bmp@box=\box116
\bmp@width=\skip263
\bmp@height=\skip264
)

Package fontspec Info: 
(fontspec)             Font family 'times(0)' created for font 'times' with
(fontspec)             options
(fontspec)             [Ligatures=TeX,BoldFont=timesbd,ItalicFont=timesi,BoldIt
alicFont=timesbi,Path=font/].
(fontspec)              
(fontspec)              This font family consists of the following NFSS
(fontspec)             series/shapes:
(fontspec)              
(fontspec)             - 'normal' (m/n) with NFSS spec.:
(fontspec)             <->"[font/times]/OT:script=latn;language=dflt;mapping=te
x-text;"
(fontspec)             - 'small caps'  (m/sc) with NFSS spec.:
(fontspec)             <->"[font/times]/OT:script=latn;language=dflt;+smcp;mapp
ing=tex-text;"
(fontspec)             - 'bold' (b/n) with NFSS spec.:
(fontspec)             <->"[font/timesbd]/OT:script=latn;language=dflt;mapping=
tex-text;"
(fontspec)             - 'bold small caps'  (b/sc) with NFSS spec.:
(fontspec)             <->"[font/timesbd]/OT:script=latn;language=dflt;+smcp;ma
pping=tex-text;"
(fontspec)             - 'italic' (m/it) with NFSS spec.:
(fontspec)             <->"[font/timesi]/OT:script=latn;language=dflt;mapping=t
ex-text;"
(fontspec)             - 'italic small caps'  (m/scit) with NFSS spec.:
(fontspec)             <->"[font/timesi]/OT:script=latn;language=dflt;+smcp;map
ping=tex-text;"
(fontspec)             - 'bold italic' (b/it) with NFSS spec.:
(fontspec)             <->"[font/timesbi]/OT:script=latn;language=dflt;mapping=
tex-text;"
(fontspec)             - 'bold italic small caps'  (b/scit) with NFSS spec.:
(fontspec)             <->"[font/timesbi]/OT:script=latn;language=dflt;+smcp;ma
pping=tex-text;"



Package xeCJK Warning: Redefining CJKfamily `\CJKrmdefault'
(xeCJK)                (FandolSong-Regular(0)).


Package fontspec Info: 
(fontspec)             Font family 'SimSun(0)' created for font 'SimSun' with
(fontspec)             options
(fontspec)             [Script={CJK},Path={./font/},AutoFakeBold={3},AutoFakeSl
ant={0.3}].
(fontspec)              
(fontspec)              This font family consists of the following NFSS
(fontspec)             series/shapes:
(fontspec)              
(fontspec)             - 'normal' (m/n) with NFSS spec.:
(fontspec)             <->"[./font/SimSun]/OT:script=hani;language=dflt;"
(fontspec)             - 'bold' (b/n) with NFSS spec.:
(fontspec)             <->"[./font/SimSun]/OT:script=hani;language=dflt;embolde
n=3;"
(fontspec)             - 'italic' (m/it) with NFSS spec.:
(fontspec)             <->"[./font/SimSun]/OT:script=hani;language=dflt;slant=0
.3;"
(fontspec)             - 'bold italic' (b/it) with NFSS spec.:
(fontspec)             <->"[./font/SimSun]/OT:script=hani;language=dflt;embolde
n=3;slant=0.3;"


Package xeCJK Warning: Redefining CJKfamily `\CJKsfdefault'
(xeCJK)                (FandolHei-Regular(0)).


Package xeCJK Warning: Redefining CJKfamily `hwzs' (HuaWenZhongSong).


Package xeCJK Warning: Redefining CJKfamily `hwxk' (HuaWenXingKai).

Package hyperref Info: Option `colorlinks' set `true' on input line 749.
\disciplineheight=\skip265
\c@subequation=\count529
\CPcapwidth=\skip266
\c@tablenote=\count530
\c@pagereset=\count531
\nomdescrchnwidth=\skip267
\@nomenclaturefile=\write4
\openout4 = `tutorial.nlo'.

Package nomencl Info: Writing nomenclature file tutorial.nlo on input line 2025
.
\c@definition=\count532
\c@axiom=\count533
\c@theorem=\count534
\c@proposition=\count535
\c@corollary=\count536
\c@lemma=\count537
\c@example=\count538
\c@assumption=\count539
\c@annotation=\count540
\c@Definition=\count541
\c@Axiom=\count542
\c@Theorem=\count543
\c@Proposition=\count544
\c@Corollary=\count545
\c@Lemma=\count546
\c@Example=\count547
\c@Assumption=\count548
\c@Annotation=\count549
\algskipamount=\skip268

Package fontspec Info: 
(fontspec)             Font family 'SourceHanSerifSC(0)' created for font
(fontspec)             'Source Han Serif SC' with options [Path=./font/].
(fontspec)              
(fontspec)              This font family consists of the following NFSS
(fontspec)             series/shapes:
(fontspec)              
(fontspec)             - 'normal' (m/n) with NFSS spec.: <->"[./font/Source
(fontspec)             Han Serif SC]/OT:script=latn;language=dflt;"

)
\symCJKmath=\mathgroup255
LaTeX Font Info:    Overwriting symbol font `CJKmath' in version `bold'
(Font)                  TU/SimSun(0)/m/n --> TU/SimSun(0)/b/n on input line 6.
Package translations Info: No language package found. I am going to use `englis
h' as default language. on input line 6.
 (./tutorial.aux)
\openout1 = `tutorial.aux'.

LaTeX Font Info:    Checking defaults for OML/cmm/m/it on input line 6.
LaTeX Font Info:    ... okay on input line 6.
LaTeX Font Info:    Checking defaults for OMS/cmsy/m/n on input line 6.
LaTeX Font Info:    ... okay on input line 6.
LaTeX Font Info:    Checking defaults for OT1/cmr/m/n on input line 6.
LaTeX Font Info:    ... okay on input line 6.
LaTeX Font Info:    Checking defaults for T1/cmr/m/n on input line 6.
LaTeX Font Info:    ... okay on input line 6.
LaTeX Font Info:    Checking defaults for TS1/cmr/m/n on input line 6.
LaTeX Font Info:    ... okay on input line 6.
LaTeX Font Info:    Checking defaults for TU/lmr/m/n on input line 6.
LaTeX Font Info:    ... okay on input line 6.
LaTeX Font Info:    Checking defaults for OMX/cmex/m/n on input line 6.
LaTeX Font Info:    ... okay on input line 6.
LaTeX Font Info:    Checking defaults for U/cmr/m/n on input line 6.
LaTeX Font Info:    ... okay on input line 6.
LaTeX Font Info:    Checking defaults for PD1/pdf/m/n on input line 6.
LaTeX Font Info:    ... okay on input line 6.
LaTeX Font Info:    Checking defaults for PU/pdf/m/n on input line 6.
LaTeX Font Info:    ... okay on input line 6.
LaTeX Font Info:    Checking defaults for T3/cmr/m/n on input line 6.
LaTeX Font Info:    Trying to load font information for T3+cmr on input line 6.

 (/usr/local/texlive/2025/texmf-dist/tex/latex/tipa/t3cmr.fd
File: t3cmr.fd 2001/12/31 TIPA font definitions
)
LaTeX Font Info:    ... okay on input line 6.

Package layouts Warning: Layout scale set to 0.5 on input line 6.

Package hyperref Info: Link coloring ON on input line 6.
(./tutorial.out) (./tutorial.out)
\@outlinefile=\write5
\openout5 = `tutorial.out'.

Package caption Info: Begin \AtBeginDocument code.
Package caption Info: subfig package v1.3 is loaded.
Package caption Info: listings package is loaded.
Package caption Info: longtable package is loaded.

(/usr/local/texlive/2025/texmf-dist/tex/latex/caption/ltcaption.sty
Package: ltcaption 2021/01/08 v1.4c longtable captions (AR)
)
Package caption Info: scrextend package is loaded.
\caption@addmargin@hsize=\dimen379
\caption@addmargin@linewidth=\dimen380
Package caption Info: threeparttable package is loaded.
Package caption Info: End \AtBeginDocument code.

(/usr/local/texlive/2025/texmf-dist/tex/latex/translations/translations-basic-d
ictionary-english.trsl
File: translations-basic-dictionary-english.trsl (english translation file `tra
nslations-basic-dictionary')
)
Package translations Info: loading dictionary `translations-basic-dictionary' f
or `english'. on input line 6.
\c@lstlisting=\count550
Package tocbasic Info: omitting babel extension for `lol'
(tocbasic)             because of missing \bbl@set@language on input line 6.

Package chemgreek Info: Activating mapping `fontspec' on line 6.


(/usr/local/texlive/2025/texmf-dist/tex/latex/fmtcount/fc-english.def
File: fc-english.def 2016/01/12
)
Overfull \hbox (19.72725pt too wide) in paragraph at lines 29--29
[][] 
 []

File: ./fig/uestclogo.pdf Graphic file (type pdf)
<use ./fig/uestclogo.pdf>

Package fontspec Info: 
(fontspec)             Font family 'STZHONGS(0)' created for font 'STZHONGS'
(fontspec)             with options
(fontspec)             [Script={CJK},Path={./font/},AutoFakeBold={2},AutoFakeSl
ant={0.3}].
(fontspec)              
(fontspec)              This font family consists of the following NFSS
(fontspec)             series/shapes:
(fontspec)              
(fontspec)             - 'normal' (m/n) with NFSS spec.:
(fontspec)             <->"[./font/STZHONGS]/OT:script=hani;language=dflt;"
(fontspec)             - 'bold' (b/n) with NFSS spec.:
(fontspec)             <->"[./font/STZHONGS]/OT:script=hani;language=dflt;embol
den=2;"
(fontspec)             - 'italic' (m/it) with NFSS spec.:
(fontspec)             <->"[./font/STZHONGS]/OT:script=hani;language=dflt;slant
=0.3;"
(fontspec)             - 'bold italic' (b/it) with NFSS spec.:
(fontspec)             <->"[./font/STZHONGS]/OT:script=hani;language=dflt;embol
den=2;slant=0.3;"


Overfull \hbox (1.50562pt too wide) in paragraph at lines 29--29
 [][] 
 []

[1

]
LaTeX Font Info:    Trying to load font information for U+msa on input line 68.

 (/usr/local/texlive/2025/texmf-dist/tex/latex/amsfonts/umsa.fd
File: umsa.fd 2013/01/14 v3.01 AMS symbols A
)
LaTeX Font Info:    Trying to load font information for U+msb on input line 68.


(/usr/local/texlive/2025/texmf-dist/tex/latex/amsfonts/umsb.fd
File: umsb.fd 2013/01/14 v3.01 AMS symbols B
) [2]
Overfull \hbox (1.00371pt too wide) in paragraph at lines 96--96
 [][]| [] 
 []


Overfull \hbox (1.00372pt too wide) in paragraph at lines 96--96
[][]| [] 
 []

[3] [4]

Package fontspec Info: 
(fontspec)             Font family 'SimHei(0)' created for font 'SimHei' with
(fontspec)             options
(fontspec)             [Script={CJK},Path={./font/},AutoFakeBold={2},AutoFakeSl
ant={0.3}].
(fontspec)              
(fontspec)              This font family consists of the following NFSS
(fontspec)             series/shapes:
(fontspec)              
(fontspec)             - 'normal' (m/n) with NFSS spec.:
(fontspec)             <->"[./font/SimHei]/OT:script=hani;language=dflt;"
(fontspec)             - 'bold' (b/n) with NFSS spec.:
(fontspec)             <->"[./font/SimHei]/OT:script=hani;language=dflt;embolde
n=2;"
(fontspec)             - 'italic' (m/it) with NFSS spec.:
(fontspec)             <->"[./font/SimHei]/OT:script=hani;language=dflt;slant=0
.3;"
(fontspec)             - 'bold italic' (b/it) with NFSS spec.:
(fontspec)             <->"[./font/SimHei]/OT:script=hani;language=dflt;embolde
n=2;slant=0.3;"



Package fancyhdr Warning: \headheight is too small (9.03374pt): 
(fancyhdr)                Make it at least 12.64723pt, for example:
(fancyhdr)                \setlength{\headheight}{12.64723pt}.
(fancyhdr)                You might also make \topmargin smaller:
(fancyhdr)                \addtolength{\topmargin}{-3.6135pt}.

[1

]

Package fancyhdr Warning: \headheight is too small (9.03374pt): 
(fancyhdr)                Make it at least 12.64723pt, for example:
(fancyhdr)                \setlength{\headheight}{12.64723pt}.
(fancyhdr)                You might also make \topmargin smaller:
(fancyhdr)                \addtolength{\topmargin}{-3.6135pt}.

[2

]

Package fancyhdr Warning: \headheight is too small (9.03374pt): 
(fancyhdr)                Make it at least 12.64723pt, for example:
(fancyhdr)                \setlength{\headheight}{12.64723pt}.
(fancyhdr)                You might also make \topmargin smaller:
(fancyhdr)                \addtolength{\topmargin}{-3.6135pt}.

[3] (./tutorial.toc

Package fancyhdr Warning: \headheight is too small (9.03374pt): 
(fancyhdr)                Make it at least 12.64723pt, for example:
(fancyhdr)                \setlength{\headheight}{12.64723pt}.
(fancyhdr)                You might also make \topmargin smaller:
(fancyhdr)                \addtolength{\topmargin}{-3.6135pt}.

[4

]

Package fancyhdr Warning: \headheight is too small (9.03374pt): 
(fancyhdr)                Make it at least 12.64723pt, for example:
(fancyhdr)                \setlength{\headheight}{12.64723pt}.
(fancyhdr)                You might also make \topmargin smaller:
(fancyhdr)                \addtolength{\topmargin}{-3.6135pt}.

[5])
\tf@toc=\write6
\openout6 = `tutorial.toc'.



Package fancyhdr Warning: \headheight is too small (9.03374pt): 
(fancyhdr)                Make it at least 12.64723pt, for example:
(fancyhdr)                \setlength{\headheight}{12.64723pt}.
(fancyhdr)                You might also make \topmargin smaller:
(fancyhdr)                \addtolength{\topmargin}{-3.6135pt}.

[6] (./tutorial.lof

Package fancyhdr Warning: \headheight is too small (9.03374pt): 
(fancyhdr)                Make it at least 12.64723pt, for example:
(fancyhdr)                \setlength{\headheight}{12.64723pt}.
(fancyhdr)                You might also make \topmargin smaller:
(fancyhdr)                \addtolength{\topmargin}{-3.6135pt}.

[7

])
\tf@lof=\write7
\openout7 = `tutorial.lof'.



Package fancyhdr Warning: \headheight is too small (9.03374pt): 
(fancyhdr)                Make it at least 12.64723pt, for example:
(fancyhdr)                \setlength{\headheight}{12.64723pt}.
(fancyhdr)                You might also make \topmargin smaller:
(fancyhdr)                \addtolength{\topmargin}{-3.6135pt}.

[8]
Chapter 第一章.

Package fancyhdr Warning: \headheight is too small (9.03374pt): 
(fancyhdr)                Make it at least 12.64723pt, for example:
(fancyhdr)                \setlength{\headheight}{12.64723pt}.
(fancyhdr)                You might also make \topmargin smaller:
(fancyhdr)                \addtolength{\topmargin}{-3.6135pt}.

[1

]

Package fancyhdr Warning: \headheight is too small (9.03374pt): 
(fancyhdr)                Make it at least 12.64723pt, for example:
(fancyhdr)                \setlength{\headheight}{12.64723pt}.
(fancyhdr)                You might also make \topmargin smaller:
(fancyhdr)                \addtolength{\topmargin}{-3.6135pt}.

[2]
File: type1_hyper.pdf Graphic file (type pdf)
<use type1_hyper.pdf>
File: type2_hyper.pdf Graphic file (type pdf)
<use type2_hyper.pdf>


Package fancyhdr Warning: \headheight is too small (9.03374pt): 
(fancyhdr)                Make it at least 12.64723pt, for example:
(fancyhdr)                \setlength{\headheight}{12.64723pt}.
(fancyhdr)                You might also make \topmargin smaller:
(fancyhdr)                \addtolength{\topmargin}{-3.6135pt}.

[3]

Package fancyhdr Warning: \headheight is too small (9.03374pt): 
(fancyhdr)                Make it at least 12.64723pt, for example:
(fancyhdr)                \setlength{\headheight}{12.64723pt}.
(fancyhdr)                You might also make \topmargin smaller:
(fancyhdr)                \addtolength{\topmargin}{-3.6135pt}.

[4]

Package fancyhdr Warning: \headheight is too small (9.03374pt): 
(fancyhdr)                Make it at least 12.64723pt, for example:
(fancyhdr)                \setlength{\headheight}{12.64723pt}.
(fancyhdr)                You might also make \topmargin smaller:
(fancyhdr)                \addtolength{\topmargin}{-3.6135pt}.

[5]

Package fancyhdr Warning: \headheight is too small (9.03374pt): 
(fancyhdr)                Make it at least 12.64723pt, for example:
(fancyhdr)                \setlength{\headheight}{12.64723pt}.
(fancyhdr)                You might also make \topmargin smaller:
(fancyhdr)                \addtolength{\topmargin}{-3.6135pt}.

[6]

Package fancyhdr Warning: \headheight is too small (9.03374pt): 
(fancyhdr)                Make it at least 12.64723pt, for example:
(fancyhdr)                \setlength{\headheight}{12.64723pt}.
(fancyhdr)                You might also make \topmargin smaller:
(fancyhdr)                \addtolength{\topmargin}{-3.6135pt}.

[7]

Package fancyhdr Warning: \headheight is too small (9.03374pt): 
(fancyhdr)                Make it at least 12.64723pt, for example:
(fancyhdr)                \setlength{\headheight}{12.64723pt}.
(fancyhdr)                You might also make \topmargin smaller:
(fancyhdr)                \addtolength{\topmargin}{-3.6135pt}.

[8]

Package fancyhdr Warning: \headheight is too small (9.03374pt): 
(fancyhdr)                Make it at least 12.64723pt, for example:
(fancyhdr)                \setlength{\headheight}{12.64723pt}.
(fancyhdr)                You might also make \topmargin smaller:
(fancyhdr)                \addtolength{\topmargin}{-3.6135pt}.

[9]

Package fancyhdr Warning: \headheight is too small (9.03374pt): 
(fancyhdr)                Make it at least 12.64723pt, for example:
(fancyhdr)                \setlength{\headheight}{12.64723pt}.
(fancyhdr)                You might also make \topmargin smaller:
(fancyhdr)                \addtolength{\topmargin}{-3.6135pt}.

[10]
Chapter 第二章.
File: priv_nonvirt.pdf Graphic file (type pdf)
<use priv_nonvirt.pdf>
File: overall_nonvirt_arch.pdf Graphic file (type pdf)
<use overall_nonvirt_arch.pdf>

Package fancyhdr Warning: \headheight is too small (9.03374pt): 
(fancyhdr)                Make it at least 12.64723pt, for example:
(fancyhdr)                \setlength{\headheight}{12.64723pt}.
(fancyhdr)                You might also make \topmargin smaller:
(fancyhdr)                \addtolength{\topmargin}{-3.6135pt}.

[11

]

Package fancyhdr Warning: \headheight is too small (9.03374pt): 
(fancyhdr)                Make it at least 12.64723pt, for example:
(fancyhdr)                \setlength{\headheight}{12.64723pt}.
(fancyhdr)                You might also make \topmargin smaller:
(fancyhdr)                \addtolength{\topmargin}{-3.6135pt}.

[12]

Package fancyhdr Warning: \headheight is too small (9.03374pt): 
(fancyhdr)                Make it at least 12.64723pt, for example:
(fancyhdr)                \setlength{\headheight}{12.64723pt}.
(fancyhdr)                You might also make \topmargin smaller:
(fancyhdr)                \addtolength{\topmargin}{-3.6135pt}.

[13]
File: priv_virt.pdf Graphic file (type pdf)
<use priv_virt.pdf>
File: overall_virt_arch.pdf Graphic file (type pdf)
<use overall_virt_arch.pdf>


Package fancyhdr Warning: \headheight is too small (9.03374pt): 
(fancyhdr)                Make it at least 12.64723pt, for example:
(fancyhdr)                \setlength{\headheight}{12.64723pt}.
(fancyhdr)                You might also make \topmargin smaller:
(fancyhdr)                \addtolength{\topmargin}{-3.6135pt}.

[14]

Package fancyhdr Warning: \headheight is too small (9.03374pt): 
(fancyhdr)                Make it at least 12.64723pt, for example:
(fancyhdr)                \setlength{\headheight}{12.64723pt}.
(fancyhdr)                You might also make \topmargin smaller:
(fancyhdr)                \addtolength{\topmargin}{-3.6135pt}.

[15]
File: tee_app.pdf Graphic file (type pdf)
<use tee_app.pdf>
File: tee_os.pdf Graphic file (type pdf)
<use tee_os.pdf>
File: tee_vm.pdf Graphic file (type pdf)
<use tee_vm.pdf>

Overfull \hbox (12.04498pt too wide) in paragraph at lines 564--574
 [][][][] 
 []


Package fancyhdr Warning: \headheight is too small (9.03374pt): 
(fancyhdr)                Make it at least 12.64723pt, for example:
(fancyhdr)                \setlength{\headheight}{12.64723pt}.
(fancyhdr)                You might also make \topmargin smaller:
(fancyhdr)                \addtolength{\topmargin}{-3.6135pt}.

[16]

Package fancyhdr Warning: \headheight is too small (9.03374pt): 
(fancyhdr)                Make it at least 12.64723pt, for example:
(fancyhdr)                \setlength{\headheight}{12.64723pt}.
(fancyhdr)                You might also make \topmargin smaller:
(fancyhdr)                \addtolength{\topmargin}{-3.6135pt}.

[17]

Package fancyhdr Warning: \headheight is too small (9.03374pt): 
(fancyhdr)                Make it at least 12.64723pt, for example:
(fancyhdr)                \setlength{\headheight}{12.64723pt}.
(fancyhdr)                You might also make \topmargin smaller:
(fancyhdr)                \addtolength{\topmargin}{-3.6135pt}.

[18]
File: microkernel.pdf Graphic file (type pdf)
<use microkernel.pdf>


LaTeX Warning: `!h' float specifier changed to `!ht'.


Package fancyhdr Warning: \headheight is too small (9.03374pt): 
(fancyhdr)                Make it at least 12.64723pt, for example:
(fancyhdr)                \setlength{\headheight}{12.64723pt}.
(fancyhdr)                You might also make \topmargin smaller:
(fancyhdr)                \addtolength{\topmargin}{-3.6135pt}.

[19]
File: Hypervisor.pdf Graphic file (type pdf)
<use Hypervisor.pdf>


LaTeX Warning: `!h' float specifier changed to `!ht'.


Package fancyhdr Warning: \headheight is too small (9.03374pt): 
(fancyhdr)                Make it at least 12.64723pt, for example:
(fancyhdr)                \setlength{\headheight}{12.64723pt}.
(fancyhdr)                You might also make \topmargin smaller:
(fancyhdr)                \addtolength{\topmargin}{-3.6135pt}.

[20]

Package fancyhdr Warning: \headheight is too small (9.03374pt): 
(fancyhdr)                Make it at least 12.64723pt, for example:
(fancyhdr)                \setlength{\headheight}{12.64723pt}.
(fancyhdr)                You might also make \topmargin smaller:
(fancyhdr)                \addtolength{\topmargin}{-3.6135pt}.

[21]

Package fancyhdr Warning: \headheight is too small (9.03374pt): 
(fancyhdr)                Make it at least 12.64723pt, for example:
(fancyhdr)                \setlength{\headheight}{12.64723pt}.
(fancyhdr)                You might also make \topmargin smaller:
(fancyhdr)                \addtolength{\topmargin}{-3.6135pt}.

[22]

Package fancyhdr Warning: \headheight is too small (9.03374pt): 
(fancyhdr)                Make it at least 12.64723pt, for example:
(fancyhdr)                \setlength{\headheight}{12.64723pt}.
(fancyhdr)                You might also make \topmargin smaller:
(fancyhdr)                \addtolength{\topmargin}{-3.6135pt}.

[23]
Chapter 第三章.

Package fancyhdr Warning: \headheight is too small (9.03374pt): 
(fancyhdr)                Make it at least 12.64723pt, for example:
(fancyhdr)                \setlength{\headheight}{12.64723pt}.
(fancyhdr)                You might also make \topmargin smaller:
(fancyhdr)                \addtolength{\topmargin}{-3.6135pt}.

[24

]

Package fancyhdr Warning: \headheight is too small (9.03374pt): 
(fancyhdr)                Make it at least 12.64723pt, for example:
(fancyhdr)                \setlength{\headheight}{12.64723pt}.
(fancyhdr)                You might also make \topmargin smaller:
(fancyhdr)                \addtolength{\topmargin}{-3.6135pt}.

[25]
File: first_tcb.pdf Graphic file (type pdf)
<use first_tcb.pdf>


Package fancyhdr Warning: \headheight is too small (9.03374pt): 
(fancyhdr)                Make it at least 12.64723pt, for example:
(fancyhdr)                \setlength{\headheight}{12.64723pt}.
(fancyhdr)                You might also make \topmargin smaller:
(fancyhdr)                \addtolength{\topmargin}{-3.6135pt}.

[26]
File: second_tcb.pdf Graphic file (type pdf)
<use second_tcb.pdf>


Package fancyhdr Warning: \headheight is too small (9.03374pt): 
(fancyhdr)                Make it at least 12.64723pt, for example:
(fancyhdr)                \setlength{\headheight}{12.64723pt}.
(fancyhdr)                You might also make \topmargin smaller:
(fancyhdr)                \addtolength{\topmargin}{-3.6135pt}.

[27]
File: cvm_lifecyle_fsm.pdf Graphic file (type pdf)
<use cvm_lifecyle_fsm.pdf>


LaTeX Warning: `!h' float specifier changed to `!ht'.

File: sm_arch.pdf Graphic file (type pdf)
<use sm_arch.pdf>

LaTeX Warning: `!h' float specifier changed to `!ht'.


Package fancyhdr Warning: \headheight is too small (9.03374pt): 
(fancyhdr)                Make it at least 12.64723pt, for example:
(fancyhdr)                \setlength{\headheight}{12.64723pt}.
(fancyhdr)                You might also make \topmargin smaller:
(fancyhdr)                \addtolength{\topmargin}{-3.6135pt}.

[28]

Package fancyhdr Warning: \headheight is too small (9.03374pt): 
(fancyhdr)                Make it at least 12.64723pt, for example:
(fancyhdr)                \setlength{\headheight}{12.64723pt}.
(fancyhdr)                You might also make \topmargin smaller:
(fancyhdr)                \addtolength{\topmargin}{-3.6135pt}.

[29]

Package fancyhdr Warning: \headheight is too small (9.03374pt): 
(fancyhdr)                Make it at least 12.64723pt, for example:
(fancyhdr)                \setlength{\headheight}{12.64723pt}.
(fancyhdr)                You might also make \topmargin smaller:
(fancyhdr)                \addtolength{\topmargin}{-3.6135pt}.

[30]
File: secmem_divided.pdf Graphic file (type pdf)
<use secmem_divided.pdf>


Package fancyhdr Warning: \headheight is too small (9.03374pt): 
(fancyhdr)                Make it at least 12.64723pt, for example:
(fancyhdr)                \setlength{\headheight}{12.64723pt}.
(fancyhdr)                You might also make \topmargin smaller:
(fancyhdr)                \addtolength{\topmargin}{-3.6135pt}.

[31]

Package fancyhdr Warning: \headheight is too small (9.03374pt): 
(fancyhdr)                Make it at least 12.64723pt, for example:
(fancyhdr)                \setlength{\headheight}{12.64723pt}.
(fancyhdr)                You might also make \topmargin smaller:
(fancyhdr)                \addtolength{\topmargin}{-3.6135pt}.

[32]

Package fancyhdr Warning: \headheight is too small (9.03374pt): 
(fancyhdr)                Make it at least 12.64723pt, for example:
(fancyhdr)                \setlength{\headheight}{12.64723pt}.
(fancyhdr)                You might also make \topmargin smaller:
(fancyhdr)                \addtolength{\topmargin}{-3.6135pt}.

[33]
File: cvm_mminit.pdf Graphic file (type pdf)
<use cvm_mminit.pdf>


Package fancyhdr Warning: \headheight is too small (9.03374pt): 
(fancyhdr)                Make it at least 12.64723pt, for example:
(fancyhdr)                \setlength{\headheight}{12.64723pt}.
(fancyhdr)                You might also make \topmargin smaller:
(fancyhdr)                \addtolength{\topmargin}{-3.6135pt}.

[34]

Package fancyhdr Warning: \headheight is too small (9.03374pt): 
(fancyhdr)                Make it at least 12.64723pt, for example:
(fancyhdr)                \setlength{\headheight}{12.64723pt}.
(fancyhdr)                You might also make \topmargin smaller:
(fancyhdr)                \addtolength{\topmargin}{-3.6135pt}.

[35]

Package fancyhdr Warning: \headheight is too small (9.03374pt): 
(fancyhdr)                Make it at least 12.64723pt, for example:
(fancyhdr)                \setlength{\headheight}{12.64723pt}.
(fancyhdr)                You might also make \topmargin smaller:
(fancyhdr)                \addtolength{\topmargin}{-3.6135pt}.

[36]

Package fancyhdr Warning: \headheight is too small (9.03374pt): 
(fancyhdr)                Make it at least 12.64723pt, for example:
(fancyhdr)                \setlength{\headheight}{12.64723pt}.
(fancyhdr)                You might also make \topmargin smaller:
(fancyhdr)                \addtolength{\topmargin}{-3.6135pt}.

[37]
File: iosec_encrypt.pdf Graphic file (type pdf)
<use iosec_encrypt.pdf>
File: iosec_temp.pdf Graphic file (type pdf)
<use iosec_temp.pdf>
File: iosec_part.pdf Graphic file (type pdf)
<use iosec_part.pdf>


Package fancyhdr Warning: \headheight is too small (9.03374pt): 
(fancyhdr)                Make it at least 12.64723pt, for example:
(fancyhdr)                \setlength{\headheight}{12.64723pt}.
(fancyhdr)                You might also make \topmargin smaller:
(fancyhdr)                \addtolength{\topmargin}{-3.6135pt}.

[38]

Package fancyhdr Warning: \headheight is too small (9.03374pt): 
(fancyhdr)                Make it at least 12.64723pt, for example:
(fancyhdr)                \setlength{\headheight}{12.64723pt}.
(fancyhdr)                You might also make \topmargin smaller:
(fancyhdr)                \addtolength{\topmargin}{-3.6135pt}.

[39]
File: iosec_arch.pdf Graphic file (type pdf)
<use iosec_arch.pdf>


LaTeX Warning: `!h' float specifier changed to `!ht'.


Package fancyhdr Warning: \headheight is too small (9.03374pt): 
(fancyhdr)                Make it at least 12.64723pt, for example:
(fancyhdr)                \setlength{\headheight}{12.64723pt}.
(fancyhdr)                You might also make \topmargin smaller:
(fancyhdr)                \addtolength{\topmargin}{-3.6135pt}.

[40]

Package fancyhdr Warning: \headheight is too small (9.03374pt): 
(fancyhdr)                Make it at least 12.64723pt, for example:
(fancyhdr)                \setlength{\headheight}{12.64723pt}.
(fancyhdr)                You might also make \topmargin smaller:
(fancyhdr)                \addtolength{\topmargin}{-3.6135pt}.

[41]
Chapter 第四章.
File: sec_region.pdf Graphic file (type pdf)
<use sec_region.pdf>

Package fancyhdr Warning: \headheight is too small (9.03374pt): 
(fancyhdr)                Make it at least 12.64723pt, for example:
(fancyhdr)                \setlength{\headheight}{12.64723pt}.
(fancyhdr)                You might also make \topmargin smaller:
(fancyhdr)                \addtolength{\topmargin}{-3.6135pt}.

[42

]

Package fancyhdr Warning: \headheight is too small (9.03374pt): 
(fancyhdr)                Make it at least 12.64723pt, for example:
(fancyhdr)                \setlength{\headheight}{12.64723pt}.
(fancyhdr)                You might also make \topmargin smaller:
(fancyhdr)                \addtolength{\topmargin}{-3.6135pt}.

[43]

Package fancyhdr Warning: \headheight is too small (9.03374pt): 
(fancyhdr)                Make it at least 12.64723pt, for example:
(fancyhdr)                \setlength{\headheight}{12.64723pt}.
(fancyhdr)                You might also make \topmargin smaller:
(fancyhdr)                \addtolength{\topmargin}{-3.6135pt}.

[44]
File: pageallocator.pdf Graphic file (type pdf)
<use pageallocator.pdf>


Package fancyhdr Warning: \headheight is too small (9.03374pt): 
(fancyhdr)                Make it at least 12.64723pt, for example:
(fancyhdr)                \setlength{\headheight}{12.64723pt}.
(fancyhdr)                You might also make \topmargin smaller:
(fancyhdr)                \addtolength{\topmargin}{-3.6135pt}.

[45]

Package fancyhdr Warning: \headheight is too small (9.03374pt): 
(fancyhdr)                Make it at least 12.64723pt, for example:
(fancyhdr)                \setlength{\headheight}{12.64723pt}.
(fancyhdr)                You might also make \topmargin smaller:
(fancyhdr)                \addtolength{\topmargin}{-3.6135pt}.

[46]
File: pmpslot.pdf Graphic file (type pdf)
<use pmpslot.pdf>


Package fancyhdr Warning: \headheight is too small (9.03374pt): 
(fancyhdr)                Make it at least 12.64723pt, for example:
(fancyhdr)                \setlength{\headheight}{12.64723pt}.
(fancyhdr)                You might also make \topmargin smaller:
(fancyhdr)                \addtolength{\topmargin}{-3.6135pt}.

[47]

Package fancyhdr Warning: \headheight is too small (9.03374pt): 
(fancyhdr)                Make it at least 12.64723pt, for example:
(fancyhdr)                \setlength{\headheight}{12.64723pt}.
(fancyhdr)                You might also make \topmargin smaller:
(fancyhdr)                \addtolength{\topmargin}{-3.6135pt}.

[48]
File: pmp_iso.pdf Graphic file (type pdf)
<use pmp_iso.pdf>
File: pmp_auth.pdf Graphic file (type pdf)
<use pmp_auth.pdf>


Package fancyhdr Warning: \headheight is too small (9.03374pt): 
(fancyhdr)                Make it at least 12.64723pt, for example:
(fancyhdr)                \setlength{\headheight}{12.64723pt}.
(fancyhdr)                You might also make \topmargin smaller:
(fancyhdr)                \addtolength{\topmargin}{-3.6135pt}.

[49]
File: unimemmgr.pdf Graphic file (type pdf)
<use unimemmgr.pdf>
File: Enclave_divided.pdf Graphic file (type pdf)
<use Enclave_divided.pdf>


Package fancyhdr Warning: \headheight is too small (9.03374pt): 
(fancyhdr)                Make it at least 12.64723pt, for example:
(fancyhdr)                \setlength{\headheight}{12.64723pt}.
(fancyhdr)                You might also make \topmargin smaller:
(fancyhdr)                \addtolength{\topmargin}{-3.6135pt}.

[50]
File: cvmm.pdf Graphic file (type pdf)
<use cvmm.pdf>


LaTeX Warning: `!h' float specifier changed to `!ht'.


Package fancyhdr Warning: \headheight is too small (9.03374pt): 
(fancyhdr)                Make it at least 12.64723pt, for example:
(fancyhdr)                \setlength{\headheight}{12.64723pt}.
(fancyhdr)                You might also make \topmargin smaller:
(fancyhdr)                \addtolength{\topmargin}{-3.6135pt}.

[51]

Package fancyhdr Warning: \headheight is too small (9.03374pt): 
(fancyhdr)                Make it at least 12.64723pt, for example:
(fancyhdr)                \setlength{\headheight}{12.64723pt}.
(fancyhdr)                You might also make \topmargin smaller:
(fancyhdr)                \addtolength{\topmargin}{-3.6135pt}.

[52]

Package fancyhdr Warning: \headheight is too small (9.03374pt): 
(fancyhdr)                Make it at least 12.64723pt, for example:
(fancyhdr)                \setlength{\headheight}{12.64723pt}.
(fancyhdr)                You might also make \topmargin smaller:
(fancyhdr)                \addtolength{\topmargin}{-3.6135pt}.

[53]

Package fancyhdr Warning: \headheight is too small (9.03374pt): 
(fancyhdr)                Make it at least 12.64723pt, for example:
(fancyhdr)                \setlength{\headheight}{12.64723pt}.
(fancyhdr)                You might also make \topmargin smaller:
(fancyhdr)                \addtolength{\topmargin}{-3.6135pt}.

[54]
File: iopmp_nonsecdev.pdf Graphic file (type pdf)
<use iopmp_nonsecdev.pdf>
File: iopmp_secdev.pdf Graphic file (type pdf)
<use iopmp_secdev.pdf>

Overfull \hbox (6.02249pt too wide) in paragraph at lines 1211--1218
 [][] 
 []


Overfull \hbox (6.02249pt too wide) in paragraph at lines 1211--1218
 [][] 
 []


Package fancyhdr Warning: \headheight is too small (9.03374pt): 
(fancyhdr)                Make it at least 12.64723pt, for example:
(fancyhdr)                \setlength{\headheight}{12.64723pt}.
(fancyhdr)                You might also make \topmargin smaller:
(fancyhdr)                \addtolength{\topmargin}{-3.6135pt}.

[55]

Package fancyhdr Warning: \headheight is too small (9.03374pt): 
(fancyhdr)                Make it at least 12.64723pt, for example:
(fancyhdr)                \setlength{\headheight}{12.64723pt}.
(fancyhdr)                You might also make \topmargin smaller:
(fancyhdr)                \addtolength{\topmargin}{-3.6135pt}.

[56]

Package fancyhdr Warning: \headheight is too small (9.03374pt): 
(fancyhdr)                Make it at least 12.64723pt, for example:
(fancyhdr)                \setlength{\headheight}{12.64723pt}.
(fancyhdr)                You might also make \topmargin smaller:
(fancyhdr)                \addtolength{\topmargin}{-3.6135pt}.

[57]
Chapter 第五章.
File: key_stage1.pdf Graphic file (type pdf)
<use key_stage1.pdf>

Package fancyhdr Warning: \headheight is too small (9.03374pt): 
(fancyhdr)                Make it at least 12.64723pt, for example:
(fancyhdr)                \setlength{\headheight}{12.64723pt}.
(fancyhdr)                You might also make \topmargin smaller:
(fancyhdr)                \addtolength{\topmargin}{-3.6135pt}.

[58

]
File: key_stage3.pdf Graphic file (type pdf)
<use key_stage3.pdf>


Package fancyhdr Warning: \headheight is too small (9.03374pt): 
(fancyhdr)                Make it at least 12.64723pt, for example:
(fancyhdr)                \setlength{\headheight}{12.64723pt}.
(fancyhdr)                You might also make \topmargin smaller:
(fancyhdr)                \addtolength{\topmargin}{-3.6135pt}.

[59]
File: key_stage4.pdf Graphic file (type pdf)
<use key_stage4.pdf>


Package fancyhdr Warning: \headheight is too small (9.03374pt): 
(fancyhdr)                Make it at least 12.64723pt, for example:
(fancyhdr)                \setlength{\headheight}{12.64723pt}.
(fancyhdr)                You might also make \topmargin smaller:
(fancyhdr)                \addtolength{\topmargin}{-3.6135pt}.

[60]
File: cpu_area.pdf Graphic file (type pdf)
<use cpu_area.pdf>


LaTeX Warning: `!h' float specifier changed to `!ht'.


Package fancyhdr Warning: \headheight is too small (9.03374pt): 
(fancyhdr)                Make it at least 12.64723pt, for example:
(fancyhdr)                \setlength{\headheight}{12.64723pt}.
(fancyhdr)                You might also make \topmargin smaller:
(fancyhdr)                \addtolength{\topmargin}{-3.6135pt}.

[61]

Package fancyhdr Warning: \headheight is too small (9.03374pt): 
(fancyhdr)                Make it at least 12.64723pt, for example:
(fancyhdr)                \setlength{\headheight}{12.64723pt}.
(fancyhdr)                You might also make \topmargin smaller:
(fancyhdr)                \addtolength{\topmargin}{-3.6135pt}.

[62]

Package fancyhdr Warning: \headheight is too small (9.03374pt): 
(fancyhdr)                Make it at least 12.64723pt, for example:
(fancyhdr)                \setlength{\headheight}{12.64723pt}.
(fancyhdr)                You might also make \topmargin smaller:
(fancyhdr)                \addtolength{\topmargin}{-3.6135pt}.

[63]

Package fancyhdr Warning: \headheight is too small (9.03374pt): 
(fancyhdr)                Make it at least 12.64723pt, for example:
(fancyhdr)                \setlength{\headheight}{12.64723pt}.
(fancyhdr)                You might also make \topmargin smaller:
(fancyhdr)                \addtolength{\topmargin}{-3.6135pt}.

[64]

Package fancyhdr Warning: \headheight is too small (9.03374pt): 
(fancyhdr)                Make it at least 12.64723pt, for example:
(fancyhdr)                \setlength{\headheight}{12.64723pt}.
(fancyhdr)                You might also make \topmargin smaller:
(fancyhdr)                \addtolength{\topmargin}{-3.6135pt}.

[65]

Package fancyhdr Warning: \headheight is too small (9.03374pt): 
(fancyhdr)                Make it at least 12.64723pt, for example:
(fancyhdr)                \setlength{\headheight}{12.64723pt}.
(fancyhdr)                You might also make \topmargin smaller:
(fancyhdr)                \addtolength{\topmargin}{-3.6135pt}.

[66]

Package fancyhdr Warning: \headheight is too small (9.03374pt): 
(fancyhdr)                Make it at least 12.64723pt, for example:
(fancyhdr)                \setlength{\headheight}{12.64723pt}.
(fancyhdr)                You might also make \topmargin smaller:
(fancyhdr)                \addtolength{\topmargin}{-3.6135pt}.

[67]

Package fancyhdr Warning: \headheight is too small (9.03374pt): 
(fancyhdr)                Make it at least 12.64723pt, for example:
(fancyhdr)                \setlength{\headheight}{12.64723pt}.
(fancyhdr)                You might also make \topmargin smaller:
(fancyhdr)                \addtolength{\topmargin}{-3.6135pt}.

[68]
File: acccvm_pmp.pdf Graphic file (type pdf)
<use acccvm_pmp.pdf>


LaTeX Warning: `!h' float specifier changed to `!ht'.


Package fancyhdr Warning: \headheight is too small (9.03374pt): 
(fancyhdr)                Make it at least 12.64723pt, for example:
(fancyhdr)                \setlength{\headheight}{12.64723pt}.
(fancyhdr)                You might also make \topmargin smaller:
(fancyhdr)                \addtolength{\topmargin}{-3.6135pt}.

[69]

Package fancyhdr Warning: \headheight is too small (9.03374pt): 
(fancyhdr)                Make it at least 12.64723pt, for example:
(fancyhdr)                \setlength{\headheight}{12.64723pt}.
(fancyhdr)                You might also make \topmargin smaller:
(fancyhdr)                \addtolength{\topmargin}{-3.6135pt}.

[70]

Package fancyhdr Warning: \headheight is too small (9.03374pt): 
(fancyhdr)                Make it at least 12.64723pt, for example:
(fancyhdr)                \setlength{\headheight}{12.64723pt}.
(fancyhdr)                You might also make \topmargin smaller:
(fancyhdr)                \addtolength{\topmargin}{-3.6135pt}.

[71]

Package fancyhdr Warning: \headheight is too small (9.03374pt): 
(fancyhdr)                Make it at least 12.64723pt, for example:
(fancyhdr)                \setlength{\headheight}{12.64723pt}.
(fancyhdr)                You might also make \topmargin smaller:
(fancyhdr)                \addtolength{\topmargin}{-3.6135pt}.

[72]
Chapter 第六章.

Underfull \hbox (badness 1888) in paragraph at lines 1413--1416
[]\TU/SimSun(0)/m/n/12.045 本 章 旨 在 对 基 于 微 内 核 的 可 信 虚 拟 化 架 构 \TU/times(0)/m/n
/12.045 EasyAda-trust \TU/SimSun(0)/m/n/12.045 及 其 核 心 组 件
 []


Package hyperref Warning: Difference (2) between bookmark levels is greater 
(hyperref)                than one, level fixed on input line 1425.


Package fancyhdr Warning: \headheight is too small (9.03374pt): 
(fancyhdr)                Make it at least 12.64723pt, for example:
(fancyhdr)                \setlength{\headheight}{12.64723pt}.
(fancyhdr)                You might also make \topmargin smaller:
(fancyhdr)                \addtolength{\topmargin}{-3.6135pt}.

[73

]
File: coremark.png Graphic file (type bmp)
<coremark.png>
File: penglai_rv8mark.png Graphic file (type bmp)
<penglai_rv8mark.png>
File: keystone_rv8mark.png Graphic file (type bmp)
<keystone_rv8mark.png>

Overfull \hbox (6.02249pt too wide) in paragraph at lines 1444--1450
 [][] 
 []


Overfull \hbox (6.02249pt too wide) in paragraph at lines 1444--1450
 [][] 
 []


Package fancyhdr Warning: \headheight is too small (9.03374pt): 
(fancyhdr)                Make it at least 12.64723pt, for example:
(fancyhdr)                \setlength{\headheight}{12.64723pt}.
(fancyhdr)                You might also make \topmargin smaller:
(fancyhdr)                \addtolength{\topmargin}{-3.6135pt}.

[74]

Package fancyhdr Warning: \headheight is too small (9.03374pt): 
(fancyhdr)                Make it at least 12.64723pt, for example:
(fancyhdr)                \setlength{\headheight}{12.64723pt}.
(fancyhdr)                You might also make \topmargin smaller:
(fancyhdr)                \addtolength{\topmargin}{-3.6135pt}.

[75]
File: hw_init.png Graphic file (type bmp)
<hw_init.png>


LaTeX Warning: `!h' float specifier changed to `!ht'.

File: sm_init.png Graphic file (type bmp)
<sm_init.png>

LaTeX Warning: `!h' float specifier changed to `!ht'.


Package fancyhdr Warning: \headheight is too small (9.03374pt): 
(fancyhdr)                Make it at least 12.64723pt, for example:
(fancyhdr)                \setlength{\headheight}{12.64723pt}.
(fancyhdr)                You might also make \topmargin smaller:
(fancyhdr)                \addtolength{\topmargin}{-3.6135pt}.

[76]
File: cvm_tsm_trust.png Graphic file (type bmp)
<cvm_tsm_trust.png>


LaTeX Warning: `!h' float specifier changed to `!ht'.

File: untrust_cvm.png Graphic file (type bmp)
<untrust_cvm.png>

LaTeX Warning: `!h' float specifier changed to `!ht'.

File: untrust_tsm.png Graphic file (type bmp)
<untrust_tsm.png>

Package fancyhdr Warning: \headheight is too small (9.03374pt): 
(fancyhdr)                Make it at least 12.64723pt, for example:
(fancyhdr)                \setlength{\headheight}{12.64723pt}.
(fancyhdr)                You might also make \topmargin smaller:
(fancyhdr)                \addtolength{\topmargin}{-3.6135pt}.

[77]

LaTeX Warning: `!h' float specifier changed to `!ht'.


Package fancyhdr Warning: \headheight is too small (9.03374pt): 
(fancyhdr)                Make it at least 12.64723pt, for example:
(fancyhdr)                \setlength{\headheight}{12.64723pt}.
(fancyhdr)                You might also make \topmargin smaller:
(fancyhdr)                \addtolength{\topmargin}{-3.6135pt}.

[78]
File: lebench.png Graphic file (type bmp)
<lebench.png>


LaTeX Warning: `!h' float specifier changed to `!ht'.


Package fancyhdr Warning: \headheight is too small (9.03374pt): 
(fancyhdr)                Make it at least 12.64723pt, for example:
(fancyhdr)                \setlength{\headheight}{12.64723pt}.
(fancyhdr)                You might also make \topmargin smaller:
(fancyhdr)                \addtolength{\topmargin}{-3.6135pt}.

[79]
File: io_passthrough.png Graphic file (type bmp)
<io_passthrough.png>


LaTeX Warning: `!h' float specifier changed to `!ht'.


Package fancyhdr Warning: \headheight is too small (9.03374pt): 
(fancyhdr)                Make it at least 12.64723pt, for example:
(fancyhdr)                \setlength{\headheight}{12.64723pt}.
(fancyhdr)                You might also make \topmargin smaller:
(fancyhdr)                \addtolength{\topmargin}{-3.6135pt}.

[80]

Package fancyhdr Warning: \headheight is too small (9.03374pt): 
(fancyhdr)                Make it at least 12.64723pt, for example:
(fancyhdr)                \setlength{\headheight}{12.64723pt}.
(fancyhdr)                You might also make \topmargin smaller:
(fancyhdr)                \addtolength{\topmargin}{-3.6135pt}.

[81]
Chapter 第七章.

Package fancyhdr Warning: \headheight is too small (9.03374pt): 
(fancyhdr)                Make it at least 12.64723pt, for example:
(fancyhdr)                \setlength{\headheight}{12.64723pt}.
(fancyhdr)                You might also make \topmargin smaller:
(fancyhdr)                \addtolength{\topmargin}{-3.6135pt}.

[82

]

Package fancyhdr Warning: \headheight is too small (9.03374pt): 
(fancyhdr)                Make it at least 12.64723pt, for example:
(fancyhdr)                \setlength{\headheight}{12.64723pt}.
(fancyhdr)                You might also make \topmargin smaller:
(fancyhdr)                \addtolength{\topmargin}{-3.6135pt}.

[83]

Package fancyhdr Warning: \headheight is too small (9.03374pt): 
(fancyhdr)                Make it at least 12.64723pt, for example:
(fancyhdr)                \setlength{\headheight}{12.64723pt}.
(fancyhdr)                You might also make \topmargin smaller:
(fancyhdr)                \addtolength{\topmargin}{-3.6135pt}.

[84

] (./tutorial.bbl

Package fancyhdr Warning: \headheight is too small (9.03374pt): 
(fancyhdr)                Make it at least 12.64723pt, for example:
(fancyhdr)                \setlength{\headheight}{12.64723pt}.
(fancyhdr)                You might also make \topmargin smaller:
(fancyhdr)                \addtolength{\topmargin}{-3.6135pt}.

[85


]

Package fancyhdr Warning: \headheight is too small (9.03374pt): 
(fancyhdr)                Make it at least 12.64723pt, for example:
(fancyhdr)                \setlength{\headheight}{12.64723pt}.
(fancyhdr)                You might also make \topmargin smaller:
(fancyhdr)                \addtolength{\topmargin}{-3.6135pt}.

[86]

Package fancyhdr Warning: \headheight is too small (9.03374pt): 
(fancyhdr)                Make it at least 12.64723pt, for example:
(fancyhdr)                \setlength{\headheight}{12.64723pt}.
(fancyhdr)                You might also make \topmargin smaller:
(fancyhdr)                \addtolength{\topmargin}{-3.6135pt}.

[87]
Underfull \hbox (badness 1107) in paragraph at lines 273--277
\TU/times(0)/m/n/10.53937 10-19, [][]$[] [] [] [] [] [] [] [] [] [] [] [] [] []
 [] [] [] [] [] [] [] [] [] [] [] [] [] [] [] [] [] [] [] [] [] [][] [] [] [] [
] [] [] [] [] [] [] [] [] [] [] [] [] [] [] [] [] [] [] [] [] [] [] [] [] [] []
 [] [] [] [] [] [] [] [] [] [] [] [] [] [] [] [] [] [][]
 []

)

Package fancyhdr Warning: \headheight is too small (9.03374pt): 
(fancyhdr)                Make it at least 12.64723pt, for example:
(fancyhdr)                \setlength{\headheight}{12.64723pt}.
(fancyhdr)                You might also make \topmargin smaller:
(fancyhdr)                \addtolength{\topmargin}{-3.6135pt}.

[88]

Package fancyhdr Warning: \headheight is too small (9.03374pt): 
(fancyhdr)                Make it at least 12.64723pt, for example:
(fancyhdr)                \setlength{\headheight}{12.64723pt}.
(fancyhdr)                You might also make \topmargin smaller:
(fancyhdr)                \addtolength{\topmargin}{-3.6135pt}.

[89

] (./tutorial.aux)
 ***********
LaTeX2e <2025-11-01>
L3 programming layer <2022/08/05>
 ***********
Package rerunfilecheck Info: File `tutorial.out' has not changed.
(rerunfilecheck)             Checksum: 6190BD1D7EB89DC90D1710C091C1BCFA;17328.
 ) 
Here is how much of TeX's memory you used:
 50944 strings out of 468174
 1069588 string characters out of 5433150
 1578472 words of memory out of 5000000
 78818 multiletter control sequences out of 15000+600000
 638579 words of font info for 148 fonts, out of 8000000 for 9000
 1348 hyphenation exceptions out of 8191
 125i,12n,134p,1060b,1304s stack positions out of 10000i,1000n,20000p,200000b,200000s

Output written on tutorial.pdf (101 pages).
